NodeKey,Value,DataType,Size,Quality,SourceTimeStamp,ServerTimeStamp,NodeKey:1,NodeId
3,959624,3,1,192,2024-03-28 13:42:44.620,2024-03-28 13:42:44.620,3,Device1.ServoMonitor_CYCCNT1:OR
3,123532,3,1,192,2024-03-28 13:42:43.613,2024-03-28 13:42:43.613,3,Device1.ServoMonitor_CYCCNT1:OR
3,294733,3,1,192,2024-03-28 13:42:42.607,2024-03-28 13:42:42.607,3,Device1.ServoMonitor_CYCCNT1:OR
3,228967,3,1,192,2024-03-28 13:42:41.606,2024-03-28 13:42:41.606,3,Device1.ServoMonitor_CYCCNT1:OR
3,400329,3,1,192,2024-03-28 13:42:40.606,2024-03-28 13:42:40.606,3,Device1.ServoMonitor_CYCCNT1:OR
3,453090,3,1,192,2024-03-28 13:42:39.588,2024-03-28 13:42:39.588,3,Device1.ServoMonitor_CYCCNT1:OR
3,498414,3,1,192,2024-03-28 13:42:38.605,2024-03-28 13:42:38.605,3,Device1.ServoMonitor_CYCCNT1:OR
3,543969,3,1,192,2024-03-28 13:42:37.605,2024-03-28 13:42:37.605,3,Device1.ServoMonitor_CYCCNT1:OR
3,970023,3,1,192,2024-03-28 13:42:36.605,2024-03-28 13:42:36.605,3,Device1.ServoMonitor_CYCCNT1:OR
3,962170,3,1,192,2024-03-28 13:42:35.608,2024-03-28 13:42:35.608,3,Device1.ServoMonitor_CYCCNT1:OR
3,879334,3,1,192,2024-03-28 13:42:34.617,2024-03-28 13:42:34.617,3,Device1.ServoMonitor_CYCCNT1:OR
3,715390,3,1,192,2024-03-28 13:42:33.604,2024-03-28 13:42:33.604,3,Device1.ServoMonitor_CYCCNT1:OR
3,669977,3,1,192,2024-03-28 13:42:32.590,2024-03-28 13:42:32.590,3,Device1.ServoMonitor_CYCCNT1:OR
3,624790,3,1,192,2024-03-28 13:42:31.621,2024-03-28 13:42:31.621,3,Device1.ServoMonitor_CYCCNT1:OR
3,579418,3,1,192,2024-03-28 13:42:30.608,2024-03-28 13:42:30.608,3,Device1.ServoMonitor_CYCCNT1:OR
3,415506,3,1,192,2024-03-28 13:42:29.623,2024-03-28 13:42:29.623,3,Device1.ServoMonitor_CYCCNT1:OR
3,374168,3,1,192,2024-03-28 13:42:28.589,2024-03-28 13:42:28.589,3,Device1.ServoMonitor_CYCCNT1:OR
3,538077,3,1,192,2024-03-28 13:42:27.589,2024-03-28 13:42:27.589,3,Device1.ServoMonitor_CYCCNT1:OR
3,553344,3,1,192,2024-03-28 13:42:26.605,2024-03-28 13:42:26.605,3,Device1.ServoMonitor_CYCCNT1:OR
3,643507,3,1,192,2024-03-28 13:42:25.608,2024-03-28 13:42:25.608,3,Device1.ServoMonitor_CYCCNT1:OR
4,111722,3,1,192,2024-03-28 13:42:44.621,2024-03-28 13:42:44.621,4,Device1.ServoMonitor_CYCCNT2:OR
4,154307,3,1,192,2024-03-28 13:42:43.613,2024-03-28 13:42:43.613,4,Device1.ServoMonitor_CYCCNT2:OR
4,158276,3,1,192,2024-03-28 13:42:42.607,2024-03-28 13:42:42.607,4,Device1.ServoMonitor_CYCCNT2:OR
4,173886,3,1,192,2024-03-28 13:42:41.622,2024-03-28 13:42:41.622,4,Device1.ServoMonitor_CYCCNT2:OR
4,226226,3,1,192,2024-03-28 13:42:40.622,2024-03-28 13:42:40.622,4,Device1.ServoMonitor_CYCCNT2:OR
4,239945,3,1,192,2024-03-28 13:42:39.588,2024-03-28 13:42:39.588,4,Device1.ServoMonitor_CYCCNT2:OR
4,251737,3,1,192,2024-03-28 13:42:38.605,2024-03-28 13:42:38.605,4,Device1.ServoMonitor_CYCCNT2:OR
4,3579,3,1,192,2024-03-28 13:42:37.605,2024-03-28 13:42:37.605,4,Device1.ServoMonitor_CYCCNT2:OR
4,114355,3,1,192,2024-03-28 13:42:36.605,2024-03-28 13:42:36.605,4,Device1.ServoMonitor_CYCCNT2:OR
4,112312,3,1,192,2024-03-28 13:42:35.624,2024-03-28 13:42:35.624,4,Device1.ServoMonitor_CYCCNT2:OR
4,90765,3,1,192,2024-03-28 13:42:34.617,2024-03-28 13:42:34.617,4,Device1.ServoMonitor_CYCCNT2:OR
4,48150,3,1,192,2024-03-28 13:42:33.607,2024-03-28 13:42:33.607,4,Device1.ServoMonitor_CYCCNT2:OR
4,36400,3,1,192,2024-03-28 13:42:32.605,2024-03-28 13:42:32.605,4,Device1.ServoMonitor_CYCCNT2:OR
4,24625,3,1,192,2024-03-28 13:42:31.623,2024-03-28 13:42:31.623,4,Device1.ServoMonitor_CYCCNT2:OR
4,12857,3,1,192,2024-03-28 13:42:30.622,2024-03-28 13:42:30.622,4,Device1.ServoMonitor_CYCCNT2:OR
4,230294,3,1,192,2024-03-28 13:42:29.623,2024-03-28 13:42:29.623,4,Device1.ServoMonitor_CYCCNT2:OR
4,219524,3,1,192,2024-03-28 13:42:28.589,2024-03-28 13:42:28.589,4,Device1.ServoMonitor_CYCCNT2:OR
4,231264,3,1,192,2024-03-28 13:42:27.589,2024-03-28 13:42:27.589,4,Device1.ServoMonitor_CYCCNT2:OR
4,46628,3,1,192,2024-03-28 13:42:26.622,2024-03-28 13:42:26.622,4,Device1.ServoMonitor_CYCCNT2:OR
4,29483,3,1,192,2024-03-28 13:42:25.608,2024-03-28 13:42:25.608,4,Device1.ServoMonitor_CYCCNT2:OR
5,191271,3,1,192,2024-03-28 13:42:44.621,2024-03-28 13:42:44.621,5,Device1.ServoMonitor_CYCCNT3:OR
5,148686,3,1,192,2024-03-28 13:42:43.628,2024-03-28 13:42:43.628,5,Device1.ServoMonitor_CYCCNT3:OR
5,144727,3,1,192,2024-03-28 13:42:42.607,2024-03-28 13:42:42.607,5,Device1.ServoMonitor_CYCCNT3:OR
5,129106,3,1,192,2024-03-28 13:42:41.622,2024-03-28 13:42:41.622,5,Device1.ServoMonitor_CYCCNT3:OR
5,76752,3,1,192,2024-03-28 13:42:40.622,2024-03-28 13:42:40.622,5,Device1.ServoMonitor_CYCCNT3:OR
5,63033,3,1,192,2024-03-28 13:42:39.605,2024-03-28 13:42:39.605,5,Device1.ServoMonitor_CYCCNT3:OR
5,51245,3,1,192,2024-03-28 13:42:38.605,2024-03-28 13:42:38.605,5,Device1.ServoMonitor_CYCCNT3:OR
5,39402,3,1,192,2024-03-28 13:42:37.605,2024-03-28 13:42:37.605,5,Device1.ServoMonitor_CYCCNT3:OR
5,188304,3,1,192,2024-03-28 13:42:36.605,2024-03-28 13:42:36.605,5,Device1.ServoMonitor_CYCCNT3:OR
5,190345,3,1,192,2024-03-28 13:42:35.624,2024-03-28 13:42:35.624,5,Device1.ServoMonitor_CYCCNT3:OR
5,211882,3,1,192,2024-03-28 13:42:34.617,2024-03-28 13:42:34.617,5,Device1.ServoMonitor_CYCCNT3:OR
5,254509,3,1,192,2024-03-28 13:42:33.607,2024-03-28 13:42:33.607,5,Device1.ServoMonitor_CYCCNT3:OR
5,6273,3,1,192,2024-03-28 13:42:32.607,2024-03-28 13:42:32.607,5,Device1.ServoMonitor_CYCCNT3:OR
5,18038,3,1,192,2024-03-28 13:42:31.623,2024-03-28 13:42:31.623,5,Device1.ServoMonitor_CYCCNT3:OR
5,29809,3,1,192,2024-03-28 13:42:30.625,2024-03-28 13:42:30.625,5,Device1.ServoMonitor_CYCCNT3:OR
5,72446,3,1,192,2024-03-28 13:42:29.623,2024-03-28 13:42:29.623,5,Device1.ServoMonitor_CYCCNT3:OR
5,83496,3,1,192,2024-03-28 13:42:28.604,2024-03-28 13:42:28.604,5,Device1.ServoMonitor_CYCCNT3:OR
5,71713,3,1,192,2024-03-28 13:42:27.605,2024-03-28 13:42:27.605,5,Device1.ServoMonitor_CYCCNT3:OR
5,256369,3,1,192,2024-03-28 13:42:26.624,2024-03-28 13:42:26.624,5,Device1.ServoMonitor_CYCCNT3:OR
5,13505,3,1,192,2024-03-28 13:42:25.608,2024-03-28 13:42:25.608,5,Device1.ServoMonitor_CYCCNT3:OR
1,3,3,1,192,2024-03-28 13:42:45.556,2024-03-28 13:42:45.556,1,Device1.ServoMonitor_Current1:OR
1,65534,3,1,192,2024-03-28 13:42:44.538,2024-03-28 13:42:44.538,1,Device1.ServoMonitor_Current1:OR
1,65533,3,1,192,2024-03-28 13:42:39.538,2024-03-28 13:42:39.538,1,Device1.ServoMonitor_Current1:OR
1,65534,3,1,192,2024-03-28 13:42:38.539,2024-03-28 13:42:38.539,1,Device1.ServoMonitor_Current1:OR
1,65533,3,1,192,2024-03-28 13:42:37.553,2024-03-28 13:42:37.553,1,Device1.ServoMonitor_Current1:OR
1,1,3,1,192,2024-03-28 13:42:35.546,2024-03-28 13:42:35.546,1,Device1.ServoMonitor_Current1:OR
1,2,3,1,192,2024-03-28 13:42:34.555,2024-03-28 13:42:34.555,1,Device1.ServoMonitor_Current1:OR
1,1,3,1,192,2024-03-28 13:42:33.540,2024-03-28 13:42:33.540,1,Device1.ServoMonitor_Current1:OR
1,2,3,1,192,2024-03-28 13:42:31.539,2024-03-28 13:42:31.539,1,Device1.ServoMonitor_Current1:OR
1,1,3,1,192,2024-03-28 13:42:29.555,2024-03-28 13:42:29.555,1,Device1.ServoMonitor_Current1:OR
1,65533,3,1,192,2024-03-28 13:42:26.554,2024-03-28 13:42:26.554,1,Device1.ServoMonitor_Current1:OR
1,65534,3,1,192,2024-03-28 13:42:24.539,2024-03-28 13:42:24.539,1,Device1.ServoMonitor_Current1:OR
1,65533,3,1,192,2024-03-28 13:42:22.539,2024-03-28 13:42:22.539,1,Device1.ServoMonitor_Current1:OR
1,65534,3,1,192,2024-03-28 13:42:21.540,2024-03-28 13:42:21.540,1,Device1.ServoMonitor_Current1:OR
1,1,3,1,192,2024-03-28 13:42:19.557,2024-03-28 13:42:19.557,1,Device1.ServoMonitor_Current1:OR
1,2,3,1,192,2024-03-28 13:42:15.541,2024-03-28 13:42:15.541,1,Device1.ServoMonitor_Current1:OR
1,1,3,1,192,2024-03-28 13:42:13.555,2024-03-28 13:42:13.555,1,Device1.ServoMonitor_Current1:OR
1,65535,3,1,192,2024-03-28 13:42:12.557,2024-03-28 13:42:12.557,1,Device1.ServoMonitor_Current1:OR
1,65534,3,1,192,2024-03-28 13:42:10.540,2024-03-28 13:42:10.540,1,Device1.ServoMonitor_Current1:OR
1,65533,3,1,192,2024-03-28 13:42:08.539,2024-03-28 13:42:08.539,1,Device1.ServoMonitor_Current1:OR
6,2,3,1,192,2024-03-28 13:42:45.556,2024-03-28 13:42:45.556,6,Device1.ServoMonitor_Current2:OR
6,65533,3,1,192,2024-03-28 13:42:44.554,2024-03-28 13:42:44.554,6,Device1.ServoMonitor_Current2:OR
6,65534,3,1,192,2024-03-28 13:42:43.550,2024-03-28 13:42:43.550,6,Device1.ServoMonitor_Current2:OR
6,65532,3,1,192,2024-03-28 13:42:42.540,2024-03-28 13:42:42.555,6,Device1.ServoMonitor_Current2:OR
6,65534,3,1,192,2024-03-28 13:42:40.556,2024-03-28 13:42:40.556,6,Device1.ServoMonitor_Current2:OR
6,65535,3,1,192,2024-03-28 13:42:39.538,2024-03-28 13:42:39.538,6,Device1.ServoMonitor_Current2:OR
6,65532,3,1,192,2024-03-28 13:42:37.554,2024-03-28 13:42:37.554,6,Device1.ServoMonitor_Current2:OR
6,1,3,1,192,2024-03-28 13:42:36.557,2024-03-28 13:42:36.557,6,Device1.ServoMonitor_Current2:OR
6,3,3,1,192,2024-03-28 13:42:35.562,2024-03-28 13:42:35.562,6,Device1.ServoMonitor_Current2:OR
6,2,3,1,192,2024-03-28 13:42:33.555,2024-03-28 13:42:33.555,6,Device1.ServoMonitor_Current2:OR
6,0,3,1,192,2024-03-28 13:42:32.540,2024-03-28 13:42:32.540,6,Device1.ServoMonitor_Current2:OR
6,2,3,1,192,2024-03-28 13:42:31.555,2024-03-28 13:42:31.555,6,Device1.ServoMonitor_Current2:OR
6,3,3,1,192,2024-03-28 13:42:30.557,2024-03-28 13:42:30.557,6,Device1.ServoMonitor_Current2:OR
6,2,3,1,192,2024-03-28 13:42:29.556,2024-03-28 13:42:29.556,6,Device1.ServoMonitor_Current2:OR
6,65533,3,1,192,2024-03-28 13:42:27.539,2024-03-28 13:42:27.539,6,Device1.ServoMonitor_Current2:OR
6,65534,3,1,192,2024-03-28 13:42:25.541,2024-03-28 13:42:25.541,6,Device1.ServoMonitor_Current2:OR
6,65532,3,1,192,2024-03-28 13:42:24.556,2024-03-28 13:42:24.556,6,Device1.ServoMonitor_Current2:OR
6,65533,3,1,192,2024-03-28 13:42:23.540,2024-03-28 13:42:23.540,6,Device1.ServoMonitor_Current2:OR
6,65534,3,1,192,2024-03-28 13:42:22.539,2024-03-28 13:42:22.539,6,Device1.ServoMonitor_Current2:OR
6,65533,3,1,192,2024-03-28 13:42:21.540,2024-03-28 13:42:21.540,6,Device1.ServoMonitor_Current2:OR
2,65535,3,1,192,2024-03-28 13:42:45.564,2024-03-28 13:42:45.564,2,Device1.ServoMonitor_Current3:OR
2,4,3,1,192,2024-03-28 13:42:41.556,2024-03-28 13:42:41.556,2,Device1.ServoMonitor_Current3:OR
2,3,3,1,192,2024-03-28 13:42:39.538,2024-03-28 13:42:39.538,2,Device1.ServoMonitor_Current3:OR
2,65535,3,1,192,2024-03-28 13:42:38.555,2024-03-28 13:42:38.555,2,Device1.ServoMonitor_Current3:OR
2,2,3,1,192,2024-03-28 13:42:37.554,2024-03-28 13:42:37.554,2,Device1.ServoMonitor_Current3:OR
2,65532,3,1,192,2024-03-28 13:42:36.557,2024-03-28 13:42:36.557,2,Device1.ServoMonitor_Current3:OR
2,65535,3,1,192,2024-03-28 13:42:35.562,2024-03-28 13:42:35.562,2,Device1.ServoMonitor_Current3:OR
2,65531,3,1,192,2024-03-28 13:42:34.555,2024-03-28 13:42:34.555,2,Device1.ServoMonitor_Current3:OR
2,65533,3,1,192,2024-03-28 13:42:32.540,2024-03-28 13:42:32.540,2,Device1.ServoMonitor_Current3:OR
2,0,3,1,192,2024-03-28 13:42:31.555,2024-03-28 13:42:31.555,2,Device1.ServoMonitor_Current3:OR
2,65534,3,1,192,2024-03-28 13:42:29.556,2024-03-28 13:42:29.556,2,Device1.ServoMonitor_Current3:OR
2,0,3,1,192,2024-03-28 13:42:27.539,2024-03-28 13:42:27.539,2,Device1.ServoMonitor_Current3:OR
2,2,3,1,192,2024-03-28 13:42:26.557,2024-03-28 13:42:26.557,2,Device1.ServoMonitor_Current3:OR
2,6,3,1,192,2024-03-28 13:42:25.554,2024-03-28 13:42:25.554,2,Device1.ServoMonitor_Current3:OR
2,65535,3,1,192,2024-03-28 13:42:24.558,2024-03-28 13:42:24.558,2,Device1.ServoMonitor_Current3:OR
2,0,3,1,192,2024-03-28 13:42:23.557,2024-03-28 13:42:23.557,2,Device1.ServoMonitor_Current3:OR
2,3,3,1,192,2024-03-28 13:42:22.539,2024-03-28 13:42:22.539,2,Device1.ServoMonitor_Current3:OR
2,0,3,1,192,2024-03-28 13:42:21.540,2024-03-28 13:42:21.540,2,Device1.ServoMonitor_Current3:OR
2,65531,3,1,192,2024-03-28 13:42:20.557,2024-03-28 13:42:20.557,2,Device1.ServoMonitor_Current3:OR
2,65535,3,1,192,2024-03-28 13:42:19.557,2024-03-28 13:42:19.557,2,Device1.ServoMonitor_Current3:OR
19, -94.398,8,1,192,2024-03-28 13:42:44.738,2024-03-28 13:42:44.738,19,Device1.ServoMonitor_CurrentPosition1:OR
19, -69.498,8,1,192,2024-03-28 13:42:43.738,2024-03-28 13:42:43.738,19,Device1.ServoMonitor_CurrentPosition1:OR
19, -43.708,8,1,192,2024-03-28 13:42:42.706,2024-03-28 13:42:42.706,19,Device1.ServoMonitor_CurrentPosition1:OR
19, -19.164,8,1,192,2024-03-28 13:42:41.722,2024-03-28 13:42:41.722,19,Device1.ServoMonitor_CurrentPosition1:OR
19,   5.736,8,1,192,2024-03-28 13:42:40.720,2024-03-28 13:42:40.720,19,Device1.ServoMonitor_CurrentPosition1:OR
19,  31.347,8,1,192,2024-03-28 13:42:39.705,2024-03-28 13:42:39.705,19,Device1.ServoMonitor_CurrentPosition1:OR
19,  56.069,8,1,192,2024-03-28 13:42:38.706,2024-03-28 13:42:38.706,19,Device1.ServoMonitor_CurrentPosition1:OR
19,  80.969,8,1,192,2024-03-28 13:42:37.721,2024-03-28 13:42:37.721,19,Device1.ServoMonitor_CurrentPosition1:OR
19,  97.510,8,1,192,2024-03-28 13:42:36.721,2024-03-28 13:42:36.721,19,Device1.ServoMonitor_CurrentPosition1:OR
19,  72.610,8,1,192,2024-03-28 13:42:35.718,2024-03-28 13:42:35.718,19,Device1.ServoMonitor_CurrentPosition1:OR
19,  48.422,8,1,192,2024-03-28 13:42:34.742,2024-03-28 13:42:34.742,19,Device1.ServoMonitor_CurrentPosition1:OR
19,  22.277,8,1,192,2024-03-28 13:42:33.708,2024-03-28 13:42:33.708,19,Device1.ServoMonitor_CurrentPosition1:OR
19,  -2.801,8,1,192,2024-03-28 13:42:32.707,2024-03-28 13:42:32.707,19,Device1.ServoMonitor_CurrentPosition1:OR
19, -27.168,8,1,192,2024-03-28 13:42:31.738,2024-03-28 13:42:31.738,19,Device1.ServoMonitor_CurrentPosition1:OR
19, -52.245,8,1,192,2024-03-28 13:42:30.724,2024-03-28 13:42:30.724,19,Device1.ServoMonitor_CurrentPosition1:OR
19, -76.968,8,1,192,2024-03-28 13:42:29.739,2024-03-28 13:42:29.739,19,Device1.ServoMonitor_CurrentPosition1:OR
19,-100.000,8,1,192,2024-03-28 13:42:28.689,2024-03-28 13:42:28.689,19,Device1.ServoMonitor_CurrentPosition1:OR
19, -75.456,8,1,192,2024-03-28 13:42:27.689,2024-03-28 13:42:27.689,19,Device1.ServoMonitor_CurrentPosition1:OR
19, -51.089,8,1,192,2024-03-28 13:42:26.725,2024-03-28 13:42:26.725,19,Device1.ServoMonitor_CurrentPosition1:OR
19, -26.012,8,1,192,2024-03-28 13:42:25.708,2024-03-28 13:42:25.708,19,Device1.ServoMonitor_CurrentPosition1:OR
20, -94.575,8,1,192,2024-03-28 13:42:44.740,2024-03-28 13:42:44.740,20,Device1.ServoMonitor_CurrentPosition2:OR
20, -69.675,8,1,192,2024-03-28 13:42:43.738,2024-03-28 13:42:43.738,20,Device1.ServoMonitor_CurrentPosition2:OR
20, -43.886,8,1,192,2024-03-28 13:42:42.706,2024-03-28 13:42:42.706,20,Device1.ServoMonitor_CurrentPosition2:OR
20, -19.342,8,1,192,2024-03-28 13:42:41.722,2024-03-28 13:42:41.722,20,Device1.ServoMonitor_CurrentPosition2:OR
20,   5.558,8,1,192,2024-03-28 13:42:40.736,2024-03-28 13:42:40.736,20,Device1.ServoMonitor_CurrentPosition2:OR
20,  31.347,8,1,192,2024-03-28 13:42:39.705,2024-03-28 13:42:39.705,20,Device1.ServoMonitor_CurrentPosition2:OR
20,  56.069,8,1,192,2024-03-28 13:42:38.721,2024-03-28 13:42:38.721,20,Device1.ServoMonitor_CurrentPosition2:OR
20,  80.969,8,1,192,2024-03-28 13:42:37.721,2024-03-28 13:42:37.721,20,Device1.ServoMonitor_CurrentPosition2:OR
20,  97.688,8,1,192,2024-03-28 13:42:36.725,2024-03-28 13:42:36.725,20,Device1.ServoMonitor_CurrentPosition2:OR
20,  72.610,8,1,192,2024-03-28 13:42:35.718,2024-03-28 13:42:35.718,20,Device1.ServoMonitor_CurrentPosition2:OR
20,  48.422,8,1,192,2024-03-28 13:42:34.758,2024-03-28 13:42:34.758,20,Device1.ServoMonitor_CurrentPosition2:OR
20,  22.277,8,1,192,2024-03-28 13:42:33.708,2024-03-28 13:42:33.708,20,Device1.ServoMonitor_CurrentPosition2:OR
20,  -2.623,8,1,192,2024-03-28 13:42:32.707,2024-03-28 13:42:32.707,20,Device1.ServoMonitor_CurrentPosition2:OR
20, -26.990,8,1,192,2024-03-28 13:42:31.739,2024-03-28 13:42:31.739,20,Device1.ServoMonitor_CurrentPosition2:OR
20, -52.068,8,1,192,2024-03-28 13:42:30.739,2024-03-28 13:42:30.739,20,Device1.ServoMonitor_CurrentPosition2:OR
20, -76.790,8,1,192,2024-03-28 13:42:29.739,2024-03-28 13:42:29.739,20,Device1.ServoMonitor_CurrentPosition2:OR
20,-100.000,8,1,192,2024-03-28 13:42:28.689,2024-03-28 13:42:28.689,20,Device1.ServoMonitor_CurrentPosition2:OR
20, -75.456,8,1,192,2024-03-28 13:42:27.689,2024-03-28 13:42:27.689,20,Device1.ServoMonitor_CurrentPosition2:OR
20, -51.267,8,1,192,2024-03-28 13:42:26.725,2024-03-28 13:42:26.725,20,Device1.ServoMonitor_CurrentPosition2:OR
20, -26.012,8,1,192,2024-03-28 13:42:25.722,2024-03-28 13:42:25.722,20,Device1.ServoMonitor_CurrentPosition2:OR
21, -94.753,8,1,192,2024-03-28 13:42:44.740,2024-03-28 13:42:44.740,21,Device1.ServoMonitor_CurrentPosition3:OR
21, -69.675,8,1,192,2024-03-28 13:42:43.738,2024-03-28 13:42:43.738,21,Device1.ServoMonitor_CurrentPosition3:OR
21, -43.886,8,1,192,2024-03-28 13:42:42.706,2024-03-28 13:42:42.706,21,Device1.ServoMonitor_CurrentPosition3:OR
21, -19.342,8,1,192,2024-03-28 13:42:41.722,2024-03-28 13:42:41.722,21,Device1.ServoMonitor_CurrentPosition3:OR
21,   5.558,8,1,192,2024-03-28 13:42:40.736,2024-03-28 13:42:40.736,21,Device1.ServoMonitor_CurrentPosition3:OR
21,  31.169,8,1,192,2024-03-28 13:42:39.705,2024-03-28 13:42:39.705,21,Device1.ServoMonitor_CurrentPosition3:OR
21,  55.892,8,1,192,2024-03-28 13:42:38.722,2024-03-28 13:42:38.722,21,Device1.ServoMonitor_CurrentPosition3:OR
21,  80.791,8,1,192,2024-03-28 13:42:37.721,2024-03-28 13:42:37.721,21,Device1.ServoMonitor_CurrentPosition3:OR
21,  97.688,8,1,192,2024-03-28 13:42:36.728,2024-03-28 13:42:36.728,21,Device1.ServoMonitor_CurrentPosition3:OR
21,  72.788,8,1,192,2024-03-28 13:42:35.718,2024-03-28 13:42:35.718,21,Device1.ServoMonitor_CurrentPosition3:OR
21,  48.599,8,1,192,2024-03-28 13:42:34.758,2024-03-28 13:42:34.758,21,Device1.ServoMonitor_CurrentPosition3:OR
21,  22.454,8,1,192,2024-03-28 13:42:33.708,2024-03-28 13:42:33.708,21,Device1.ServoMonitor_CurrentPosition3:OR
21,  -2.623,8,1,192,2024-03-28 13:42:32.707,2024-03-28 13:42:32.707,21,Device1.ServoMonitor_CurrentPosition3:OR
21, -26.812,8,1,192,2024-03-28 13:42:31.739,2024-03-28 13:42:31.739,21,Device1.ServoMonitor_CurrentPosition3:OR
21, -52.068,8,1,192,2024-03-28 13:42:30.740,2024-03-28 13:42:30.740,21,Device1.ServoMonitor_CurrentPosition3:OR
21, -76.790,8,1,192,2024-03-28 13:42:29.754,2024-03-28 13:42:29.754,21,Device1.ServoMonitor_CurrentPosition3:OR
21,-100.000,8,1,192,2024-03-28 13:42:28.689,2024-03-28 13:42:28.689,21,Device1.ServoMonitor_CurrentPosition3:OR
21, -75.634,8,1,192,2024-03-28 13:42:27.689,2024-03-28 13:42:27.689,21,Device1.ServoMonitor_CurrentPosition3:OR
21, -51.445,8,1,192,2024-03-28 13:42:26.725,2024-03-28 13:42:26.725,21,Device1.ServoMonitor_CurrentPosition3:OR
21, -26.189,8,1,192,2024-03-28 13:42:25.725,2024-03-28 13:42:25.725,21,Device1.ServoMonitor_CurrentPosition3:OR
31,532,3,1,192,2024-03-28 13:42:45.524,2024-03-28 13:42:45.524,31,Device1.ServoMonitor_Droop1:OR
31,4294966764,3,1,192,2024-03-28 13:42:37.521,2024-03-28 13:42:37.521,31,Device1.ServoMonitor_Droop1:OR
31,532,3,1,192,2024-03-28 13:42:29.522,2024-03-28 13:42:29.522,31,Device1.ServoMonitor_Droop1:OR
31,4294966764,3,1,192,2024-03-28 13:42:21.523,2024-03-28 13:42:21.523,31,Device1.ServoMonitor_Droop1:OR
31,532,3,1,192,2024-03-28 13:42:13.523,2024-03-28 13:42:13.523,31,Device1.ServoMonitor_Droop1:OR
31,4294967259,3,1,192,2024-03-28 13:42:12.524,2024-03-28 13:42:12.524,31,Device1.ServoMonitor_Droop1:OR
31,4294966764,3,1,192,2024-03-28 13:42:05.524,2024-03-28 13:42:05.524,31,Device1.ServoMonitor_Droop1:OR
31,4294966829,3,1,192,2024-03-28 13:42:04.523,2024-03-28 13:42:04.523,31,Device1.ServoMonitor_Droop1:OR
31,532,3,1,192,2024-03-28 13:41:56.524,2024-03-28 13:41:56.524,31,Device1.ServoMonitor_Droop1:OR
31,4294966764,3,1,192,2024-03-28 13:41:48.523,2024-03-28 13:41:48.523,31,Device1.ServoMonitor_Droop1:OR
31,532,3,1,192,2024-03-28 13:41:40.544,2024-03-28 13:41:40.544,31,Device1.ServoMonitor_Droop1:OR
31,4294966764,3,1,192,2024-03-28 13:41:32.519,2024-03-28 13:41:32.519,31,Device1.ServoMonitor_Droop1:OR
31,532,3,1,192,2024-03-28 13:41:24.520,2024-03-28 13:41:24.520,31,Device1.ServoMonitor_Droop1:OR
31,4294966764,3,1,192,2024-03-28 13:41:16.522,2024-03-28 13:41:16.522,31,Device1.ServoMonitor_Droop1:OR
31,102,3,1,192,2024-03-28 13:41:15.522,2024-03-28 13:41:15.522,31,Device1.ServoMonitor_Droop1:OR
31,532,3,1,192,2024-03-28 13:41:08.523,2024-03-28 13:41:08.523,31,Device1.ServoMonitor_Droop1:OR
31,408,3,1,192,2024-03-28 13:41:07.523,2024-03-28 13:41:07.523,31,Device1.ServoMonitor_Droop1:OR
31,4294966764,3,1,192,2024-03-28 13:40:59.524,2024-03-28 13:40:59.524,31,Device1.ServoMonitor_Droop1:OR
31,532,3,1,192,2024-03-28 13:40:51.525,2024-03-28 13:40:51.525,31,Device1.ServoMonitor_Droop1:OR
31,4294966764,3,1,192,2024-03-28 13:40:43.547,2024-03-28 13:40:43.547,31,Device1.ServoMonitor_Droop1:OR
32,532,3,1,192,2024-03-28 13:42:45.524,2024-03-28 13:42:45.524,32,Device1.ServoMonitor_Droop2:OR
32,4294966764,3,1,192,2024-03-28 13:42:37.521,2024-03-28 13:42:37.521,32,Device1.ServoMonitor_Droop2:OR
32,532,3,1,192,2024-03-28 13:42:29.522,2024-03-28 13:42:29.522,32,Device1.ServoMonitor_Droop2:OR
32,4294966764,3,1,192,2024-03-28 13:42:21.523,2024-03-28 13:42:21.523,32,Device1.ServoMonitor_Droop2:OR
32,532,3,1,192,2024-03-28 13:42:13.523,2024-03-28 13:42:13.523,32,Device1.ServoMonitor_Droop2:OR
32,4294967278,3,1,192,2024-03-28 13:42:12.524,2024-03-28 13:42:12.524,32,Device1.ServoMonitor_Droop2:OR
32,4294966764,3,1,192,2024-03-28 13:42:05.524,2024-03-28 13:42:05.524,32,Device1.ServoMonitor_Droop2:OR
32,4294966813,3,1,192,2024-03-28 13:42:04.523,2024-03-28 13:42:04.523,32,Device1.ServoMonitor_Droop2:OR
32,532,3,1,192,2024-03-28 13:41:56.524,2024-03-28 13:41:56.524,32,Device1.ServoMonitor_Droop2:OR
32,4294966764,3,1,192,2024-03-28 13:41:48.523,2024-03-28 13:41:48.523,32,Device1.ServoMonitor_Droop2:OR
32,532,3,1,192,2024-03-28 13:41:40.544,2024-03-28 13:41:40.544,32,Device1.ServoMonitor_Droop2:OR
32,4294966764,3,1,192,2024-03-28 13:41:32.519,2024-03-28 13:41:32.519,32,Device1.ServoMonitor_Droop2:OR
32,532,3,1,192,2024-03-28 13:41:24.520,2024-03-28 13:41:24.520,32,Device1.ServoMonitor_Droop2:OR
32,4294966764,3,1,192,2024-03-28 13:41:16.538,2024-03-28 13:41:16.538,32,Device1.ServoMonitor_Droop2:OR
32,65,3,1,192,2024-03-28 13:41:15.538,2024-03-28 13:41:15.538,32,Device1.ServoMonitor_Droop2:OR
32,532,3,1,192,2024-03-28 13:41:08.539,2024-03-28 13:41:08.539,32,Device1.ServoMonitor_Droop2:OR
32,430,3,1,192,2024-03-28 13:41:07.523,2024-03-28 13:41:07.523,32,Device1.ServoMonitor_Droop2:OR
32,4294966764,3,1,192,2024-03-28 13:40:59.540,2024-03-28 13:40:59.540,32,Device1.ServoMonitor_Droop2:OR
32,532,3,1,192,2024-03-28 13:40:51.525,2024-03-28 13:40:51.525,32,Device1.ServoMonitor_Droop2:OR
32,4294966764,3,1,192,2024-03-28 13:40:43.547,2024-03-28 13:40:43.547,32,Device1.ServoMonitor_Droop2:OR
33,4294966764,3,1,192,2024-03-28 13:42:45.524,2024-03-28 13:42:45.524,33,Device1.ServoMonitor_Droop3:OR
33,532,3,1,192,2024-03-28 13:42:37.521,2024-03-28 13:42:37.521,33,Device1.ServoMonitor_Droop3:OR
33,4294966764,3,1,192,2024-03-28 13:42:29.538,2024-03-28 13:42:29.538,33,Device1.ServoMonitor_Droop3:OR
33,532,3,1,192,2024-03-28 13:42:21.523,2024-03-28 13:42:21.523,33,Device1.ServoMonitor_Droop3:OR
33,4294966764,3,1,192,2024-03-28 13:42:13.538,2024-03-28 13:42:13.538,33,Device1.ServoMonitor_Droop3:OR
33,11,3,1,192,2024-03-28 13:42:12.540,2024-03-28 13:42:12.540,33,Device1.ServoMonitor_Droop3:OR
33,532,3,1,192,2024-03-28 13:42:05.524,2024-03-28 13:42:05.524,33,Device1.ServoMonitor_Droop3:OR
33,495,3,1,192,2024-03-28 13:42:04.523,2024-03-28 13:42:04.523,33,Device1.ServoMonitor_Droop3:OR
33,4294966764,3,1,192,2024-03-28 13:41:56.538,2024-03-28 13:41:56.538,33,Device1.ServoMonitor_Droop3:OR
33,533,3,1,192,2024-03-28 13:41:55.518,2024-03-28 13:41:55.518,33,Device1.ServoMonitor_Droop3:OR
33,532,3,1,192,2024-03-28 13:41:48.523,2024-03-28 13:41:48.523,33,Device1.ServoMonitor_Droop3:OR
33,4294966764,3,1,192,2024-03-28 13:41:40.544,2024-03-28 13:41:40.544,33,Device1.ServoMonitor_Droop3:OR
33,532,3,1,192,2024-03-28 13:41:32.519,2024-03-28 13:41:32.519,33,Device1.ServoMonitor_Droop3:OR
33,4294966764,3,1,192,2024-03-28 13:41:24.536,2024-03-28 13:41:24.536,33,Device1.ServoMonitor_Droop3:OR
33,532,3,1,192,2024-03-28 13:41:16.538,2024-03-28 13:41:16.538,33,Device1.ServoMonitor_Droop3:OR
33,4294967246,3,1,192,2024-03-28 13:41:15.538,2024-03-28 13:41:15.538,33,Device1.ServoMonitor_Droop3:OR
33,4294966764,3,1,192,2024-03-28 13:41:08.539,2024-03-28 13:41:08.539,33,Device1.ServoMonitor_Droop3:OR
33,4294966847,3,1,192,2024-03-28 13:41:07.539,2024-03-28 13:41:07.539,33,Device1.ServoMonitor_Droop3:OR
33,532,3,1,192,2024-03-28 13:41:02.539,2024-03-28 13:41:02.539,33,Device1.ServoMonitor_Droop3:OR
33,533,3,1,192,2024-03-28 13:41:01.539,2024-03-28 13:41:01.539,33,Device1.ServoMonitor_Droop3:OR
28,47,3,1,192,2024-03-28 13:42:45.504,2024-03-28 13:42:45.504,28,Device1.ServoMonitor_Gain1:OR
28,46,3,1,192,2024-03-28 13:42:44.505,2024-03-28 13:42:44.505,28,Device1.ServoMonitor_Gain1:OR
28,47,3,1,192,2024-03-28 13:42:42.508,2024-03-28 13:42:42.508,28,Device1.ServoMonitor_Gain1:OR
28,46,3,1,192,2024-03-28 13:42:38.506,2024-03-28 13:42:38.506,28,Device1.ServoMonitor_Gain1:OR
28,47,3,1,192,2024-03-28 13:42:34.513,2024-03-28 13:42:34.513,28,Device1.ServoMonitor_Gain1:OR
28,46,3,1,192,2024-03-28 13:42:24.509,2024-03-28 13:42:24.509,28,Device1.ServoMonitor_Gain1:OR
28,47,3,1,192,2024-03-28 13:42:22.507,2024-03-28 13:42:22.507,28,Device1.ServoMonitor_Gain1:OR
28,46,3,1,192,2024-03-28 13:42:21.507,2024-03-28 13:42:21.507,28,Device1.ServoMonitor_Gain1:OR
28,47,3,1,192,2024-03-28 13:42:20.507,2024-03-28 13:42:20.507,28,Device1.ServoMonitor_Gain1:OR
28,46,3,1,192,2024-03-28 13:42:15.515,2024-03-28 13:42:15.515,28,Device1.ServoMonitor_Gain1:OR
28,47,3,1,192,2024-03-28 13:42:14.506,2024-03-28 13:42:14.506,28,Device1.ServoMonitor_Gain1:OR
28,46,3,1,192,2024-03-28 13:42:13.507,2024-03-28 13:42:13.507,28,Device1.ServoMonitor_Gain1:OR
28,76,3,1,192,2024-03-28 13:42:12.507,2024-03-28 13:42:12.507,28,Device1.ServoMonitor_Gain1:OR
28,47,3,1,192,2024-03-28 13:42:11.509,2024-03-28 13:42:11.509,28,Device1.ServoMonitor_Gain1:OR
28,46,3,1,192,2024-03-28 13:42:09.505,2024-03-28 13:42:09.505,28,Device1.ServoMonitor_Gain1:OR
28,47,3,1,192,2024-03-28 13:42:08.506,2024-03-28 13:42:08.506,28,Device1.ServoMonitor_Gain1:OR
28,46,3,1,192,2024-03-28 13:42:07.513,2024-03-28 13:42:07.513,28,Device1.ServoMonitor_Gain1:OR
28,47,3,1,192,2024-03-28 13:42:05.507,2024-03-28 13:42:05.507,28,Device1.ServoMonitor_Gain1:OR
28,37,3,1,192,2024-03-28 13:42:04.506,2024-03-28 13:42:04.506,28,Device1.ServoMonitor_Gain1:OR
28,47,3,1,192,2024-03-28 13:42:03.507,2024-03-28 13:42:03.507,28,Device1.ServoMonitor_Gain1:OR
29,46,3,1,192,2024-03-28 13:42:45.514,2024-03-28 13:42:45.514,29,Device1.ServoMonitor_Gain2:OR
29,47,3,1,192,2024-03-28 13:42:44.505,2024-03-28 13:42:44.505,29,Device1.ServoMonitor_Gain2:OR
29,46,3,1,192,2024-03-28 13:42:37.505,2024-03-28 13:42:37.505,29,Device1.ServoMonitor_Gain2:OR
29,47,3,1,192,2024-03-28 13:42:35.515,2024-03-28 13:42:35.515,29,Device1.ServoMonitor_Gain2:OR
29,46,3,1,192,2024-03-28 13:42:34.528,2024-03-28 13:42:34.528,29,Device1.ServoMonitor_Gain2:OR
29,47,3,1,192,2024-03-28 13:42:33.508,2024-03-28 13:42:33.508,29,Device1.ServoMonitor_Gain2:OR
29,46,3,1,192,2024-03-28 13:42:31.507,2024-03-28 13:42:31.507,29,Device1.ServoMonitor_Gain2:OR
29,47,3,1,192,2024-03-28 13:42:30.508,2024-03-28 13:42:30.508,29,Device1.ServoMonitor_Gain2:OR
29,46,3,1,192,2024-03-28 13:42:28.507,2024-03-28 13:42:28.507,29,Device1.ServoMonitor_Gain2:OR
29,47,3,1,192,2024-03-28 13:42:25.507,2024-03-28 13:42:25.507,29,Device1.ServoMonitor_Gain2:OR
29,46,3,1,192,2024-03-28 13:42:23.509,2024-03-28 13:42:23.509,29,Device1.ServoMonitor_Gain2:OR
29,47,3,1,192,2024-03-28 13:42:22.507,2024-03-28 13:42:22.507,29,Device1.ServoMonitor_Gain2:OR
29,46,3,1,192,2024-03-28 13:42:20.507,2024-03-28 13:42:20.507,29,Device1.ServoMonitor_Gain2:OR
29,47,3,1,192,2024-03-28 13:42:17.507,2024-03-28 13:42:17.507,29,Device1.ServoMonitor_Gain2:OR
29,46,3,1,192,2024-03-28 13:42:13.507,2024-03-28 13:42:13.507,29,Device1.ServoMonitor_Gain2:OR
29,85,3,1,192,2024-03-28 13:42:12.507,2024-03-28 13:42:12.507,29,Device1.ServoMonitor_Gain2:OR
29,46,3,1,192,2024-03-28 13:42:11.509,2024-03-28 13:42:11.509,29,Device1.ServoMonitor_Gain2:OR
29,47,3,1,192,2024-03-28 13:42:09.505,2024-03-28 13:42:09.505,29,Device1.ServoMonitor_Gain2:OR
29,46,3,1,192,2024-03-28 13:42:08.506,2024-03-28 13:42:08.506,29,Device1.ServoMonitor_Gain2:OR
29,47,3,1,192,2024-03-28 13:42:07.516,2024-03-28 13:42:07.516,29,Device1.ServoMonitor_Gain2:OR
30,46,3,1,192,2024-03-28 13:42:45.514,2024-03-28 13:42:45.514,30,Device1.ServoMonitor_Gain3:OR
30,47,3,1,192,2024-03-28 13:42:44.522,2024-03-28 13:42:44.522,30,Device1.ServoMonitor_Gain3:OR
30,46,3,1,192,2024-03-28 13:42:43.519,2024-03-28 13:42:43.519,30,Device1.ServoMonitor_Gain3:OR
30,47,3,1,192,2024-03-28 13:42:41.521,2024-03-28 13:42:41.521,30,Device1.ServoMonitor_Gain3:OR
30,46,3,1,192,2024-03-28 13:42:40.507,2024-03-28 13:42:40.507,30,Device1.ServoMonitor_Gain3:OR
30,47,3,1,192,2024-03-28 13:42:38.506,2024-03-28 13:42:38.506,30,Device1.ServoMonitor_Gain3:OR
30,46,3,1,192,2024-03-28 13:42:37.505,2024-03-28 13:42:37.505,30,Device1.ServoMonitor_Gain3:OR
30,47,3,1,192,2024-03-28 13:42:35.530,2024-03-28 13:42:35.530,30,Device1.ServoMonitor_Gain3:OR
30,46,3,1,192,2024-03-28 13:42:34.533,2024-03-28 13:42:34.533,30,Device1.ServoMonitor_Gain3:OR
30,47,3,1,192,2024-03-28 13:42:33.523,2024-03-28 13:42:33.523,30,Device1.ServoMonitor_Gain3:OR
30,46,3,1,192,2024-03-28 13:42:32.507,2024-03-28 13:42:32.507,30,Device1.ServoMonitor_Gain3:OR
30,47,3,1,192,2024-03-28 13:42:31.523,2024-03-28 13:42:31.523,30,Device1.ServoMonitor_Gain3:OR
30,46,3,1,192,2024-03-28 13:42:29.522,2024-03-28 13:42:29.522,30,Device1.ServoMonitor_Gain3:OR
30,47,3,1,192,2024-03-28 13:42:27.507,2024-03-28 13:42:27.507,30,Device1.ServoMonitor_Gain3:OR
30,46,3,1,192,2024-03-28 13:42:25.523,2024-03-28 13:42:25.523,30,Device1.ServoMonitor_Gain3:OR
30,47,3,1,192,2024-03-28 13:42:24.509,2024-03-28 13:42:24.509,30,Device1.ServoMonitor_Gain3:OR
30,46,3,1,192,2024-03-28 13:42:23.521,2024-03-28 13:42:23.521,30,Device1.ServoMonitor_Gain3:OR
30,47,3,1,192,2024-03-28 13:42:19.523,2024-03-28 13:42:19.523,30,Device1.ServoMonitor_Gain3:OR
30,46,3,1,192,2024-03-28 13:42:18.506,2024-03-28 13:42:18.506,30,Device1.ServoMonitor_Gain3:OR
30,47,3,1,192,2024-03-28 13:42:17.523,2024-03-28 13:42:17.523,30,Device1.ServoMonitor_Gain3:OR
7, -90.456,8,1,192,2024-03-28 13:42:44.659,2024-03-28 13:42:44.659,7,Device1.ServoMonitor_MACPOS1:OR
7, -65.556,8,1,192,2024-03-28 13:42:43.644,2024-03-28 13:42:43.644,7,Device1.ServoMonitor_MACPOS1:OR
7, -40.123,8,1,192,2024-03-28 13:42:42.640,2024-03-28 13:42:42.640,7,Device1.ServoMonitor_MACPOS1:OR
7, -15.400,8,1,192,2024-03-28 13:42:41.655,2024-03-28 13:42:41.655,7,Device1.ServoMonitor_MACPOS1:OR
7,   9.677,8,1,192,2024-03-28 13:42:40.656,2024-03-28 13:42:40.656,7,Device1.ServoMonitor_MACPOS1:OR
7,  35.111,8,1,192,2024-03-28 13:42:39.622,2024-03-28 13:42:39.622,7,Device1.ServoMonitor_MACPOS1:OR
7,  60.011,8,1,192,2024-03-28 13:42:38.639,2024-03-28 13:42:38.639,7,Device1.ServoMonitor_MACPOS1:OR
7,  84.911,8,1,192,2024-03-28 13:42:37.638,2024-03-28 13:42:37.638,7,Device1.ServoMonitor_MACPOS1:OR
7,  93.569,8,1,192,2024-03-28 13:42:36.643,2024-03-28 13:42:36.643,7,Device1.ServoMonitor_MACPOS1:OR
7,  68.846,8,1,192,2024-03-28 13:42:35.640,2024-03-28 13:42:35.640,7,Device1.ServoMonitor_MACPOS1:OR
7,  43.946,8,1,192,2024-03-28 13:42:34.648,2024-03-28 13:42:34.648,7,Device1.ServoMonitor_MACPOS1:OR
7,  18.691,8,1,192,2024-03-28 13:42:33.640,2024-03-28 13:42:33.640,7,Device1.ServoMonitor_MACPOS1:OR
7,  -6.743,8,1,192,2024-03-28 13:42:32.624,2024-03-28 13:42:32.624,7,Device1.ServoMonitor_MACPOS1:OR
7, -30.931,8,1,192,2024-03-28 13:42:31.657,2024-03-28 13:42:31.657,7,Device1.ServoMonitor_MACPOS1:OR
7, -56.187,8,1,192,2024-03-28 13:42:30.640,2024-03-28 13:42:30.640,7,Device1.ServoMonitor_MACPOS1:OR
7, -80.909,8,1,192,2024-03-28 13:42:29.656,2024-03-28 13:42:29.656,7,Device1.ServoMonitor_MACPOS1:OR
7, -96.770,8,1,192,2024-03-28 13:42:28.623,2024-03-28 13:42:28.623,7,Device1.ServoMonitor_MACPOS1:OR
7, -71.870,8,1,192,2024-03-28 13:42:27.624,2024-03-28 13:42:27.624,7,Device1.ServoMonitor_MACPOS1:OR
7, -47.326,8,1,192,2024-03-28 13:42:26.640,2024-03-28 13:42:26.640,7,Device1.ServoMonitor_MACPOS1:OR
7, -22.248,8,1,192,2024-03-28 13:42:25.640,2024-03-28 13:42:25.640,7,Device1.ServoMonitor_MACPOS1:OR
8, -90.634,8,1,192,2024-03-28 13:42:44.662,2024-03-28 13:42:44.662,8,Device1.ServoMonitor_MACPOS2:OR
8, -65.734,8,1,192,2024-03-28 13:42:43.660,2024-03-28 13:42:43.660,8,Device1.ServoMonitor_MACPOS2:OR
8, -40.123,8,1,192,2024-03-28 13:42:42.640,2024-03-28 13:42:42.640,8,Device1.ServoMonitor_MACPOS2:OR
8, -15.400,8,1,192,2024-03-28 13:42:41.655,2024-03-28 13:42:41.655,8,Device1.ServoMonitor_MACPOS2:OR
8,   9.499,8,1,192,2024-03-28 13:42:40.656,2024-03-28 13:42:40.656,8,Device1.ServoMonitor_MACPOS2:OR
8,  35.111,8,1,192,2024-03-28 13:42:39.638,2024-03-28 13:42:39.638,8,Device1.ServoMonitor_MACPOS2:OR
8,  60.011,8,1,192,2024-03-28 13:42:38.639,2024-03-28 13:42:38.639,8,Device1.ServoMonitor_MACPOS2:OR
8,  84.733,8,1,192,2024-03-28 13:42:37.638,2024-03-28 13:42:37.638,8,Device1.ServoMonitor_MACPOS2:OR
8,  93.746,8,1,192,2024-03-28 13:42:36.647,2024-03-28 13:42:36.647,8,Device1.ServoMonitor_MACPOS2:OR
8,  68.846,8,1,192,2024-03-28 13:42:35.655,2024-03-28 13:42:35.655,8,Device1.ServoMonitor_MACPOS2:OR
8,  44.124,8,1,192,2024-03-28 13:42:34.664,2024-03-28 13:42:34.664,8,Device1.ServoMonitor_MACPOS2:OR
8,  18.691,8,1,192,2024-03-28 13:42:33.640,2024-03-28 13:42:33.640,8,Device1.ServoMonitor_MACPOS2:OR
8,  -6.565,8,1,192,2024-03-28 13:42:32.638,2024-03-28 13:42:32.638,8,Device1.ServoMonitor_MACPOS2:OR
8, -30.931,8,1,192,2024-03-28 13:42:31.657,2024-03-28 13:42:31.657,8,Device1.ServoMonitor_MACPOS2:OR
8, -56.187,8,1,192,2024-03-28 13:42:30.657,2024-03-28 13:42:30.657,8,Device1.ServoMonitor_MACPOS2:OR
8, -80.909,8,1,192,2024-03-28 13:42:29.656,2024-03-28 13:42:29.656,8,Device1.ServoMonitor_MACPOS2:OR
8, -96.948,8,1,192,2024-03-28 13:42:28.623,2024-03-28 13:42:28.623,8,Device1.ServoMonitor_MACPOS2:OR
8, -71.870,8,1,192,2024-03-28 13:42:27.624,2024-03-28 13:42:27.624,8,Device1.ServoMonitor_MACPOS2:OR
8, -47.504,8,1,192,2024-03-28 13:42:26.656,2024-03-28 13:42:26.656,8,Device1.ServoMonitor_MACPOS2:OR
8, -22.248,8,1,192,2024-03-28 13:42:25.640,2024-03-28 13:42:25.640,8,Device1.ServoMonitor_MACPOS2:OR
9, -90.634,8,1,192,2024-03-28 13:42:44.665,2024-03-28 13:42:44.665,9,Device1.ServoMonitor_MACPOS3:OR
9, -65.734,8,1,192,2024-03-28 13:42:43.660,2024-03-28 13:42:43.660,9,Device1.ServoMonitor_MACPOS3:OR
9, -40.300,8,1,192,2024-03-28 13:42:42.640,2024-03-28 13:42:42.640,9,Device1.ServoMonitor_MACPOS3:OR
9, -15.578,8,1,192,2024-03-28 13:42:41.655,2024-03-28 13:42:41.655,9,Device1.ServoMonitor_MACPOS3:OR
9,   9.499,8,1,192,2024-03-28 13:42:40.656,2024-03-28 13:42:40.656,9,Device1.ServoMonitor_MACPOS3:OR
9,  34.933,8,1,192,2024-03-28 13:42:39.638,2024-03-28 13:42:39.638,9,Device1.ServoMonitor_MACPOS3:OR
9,  59.833,8,1,192,2024-03-28 13:42:38.639,2024-03-28 13:42:38.639,9,Device1.ServoMonitor_MACPOS3:OR
9,  84.733,8,1,192,2024-03-28 13:42:37.654,2024-03-28 13:42:37.654,9,Device1.ServoMonitor_MACPOS3:OR
9,  93.746,8,1,192,2024-03-28 13:42:36.651,2024-03-28 13:42:36.651,9,Device1.ServoMonitor_MACPOS3:OR
9,  69.024,8,1,192,2024-03-28 13:42:35.655,2024-03-28 13:42:35.655,9,Device1.ServoMonitor_MACPOS3:OR
9,  44.302,8,1,192,2024-03-28 13:42:34.664,2024-03-28 13:42:34.664,9,Device1.ServoMonitor_MACPOS3:OR
9,  18.869,8,1,192,2024-03-28 13:42:33.640,2024-03-28 13:42:33.640,9,Device1.ServoMonitor_MACPOS3:OR
9,  -6.565,8,1,192,2024-03-28 13:42:32.641,2024-03-28 13:42:32.641,9,Device1.ServoMonitor_MACPOS3:OR
9, -30.753,8,1,192,2024-03-28 13:42:31.671,2024-03-28 13:42:31.671,9,Device1.ServoMonitor_MACPOS3:OR
9, -56.009,8,1,192,2024-03-28 13:42:30.657,2024-03-28 13:42:30.657,9,Device1.ServoMonitor_MACPOS3:OR
9, -80.731,8,1,192,2024-03-28 13:42:29.673,2024-03-28 13:42:29.673,9,Device1.ServoMonitor_MACPOS3:OR
9, -96.948,8,1,192,2024-03-28 13:42:28.623,2024-03-28 13:42:28.623,9,Device1.ServoMonitor_MACPOS3:OR
9, -72.048,8,1,192,2024-03-28 13:42:27.624,2024-03-28 13:42:27.624,9,Device1.ServoMonitor_MACPOS3:OR
9, -47.504,8,1,192,2024-03-28 13:42:26.658,2024-03-28 13:42:26.658,9,Device1.ServoMonitor_MACPOS3:OR
9, -22.426,8,1,192,2024-03-28 13:42:25.654,2024-03-28 13:42:25.654,9,Device1.ServoMonitor_MACPOS3:OR
10, -88.867,8,1,192,2024-03-28 13:42:44.670,2024-03-28 13:42:44.670,10,Device1.ServoMonitor_MATPOS1:OR
10, -64.323,8,1,192,2024-03-28 13:42:43.660,2024-03-28 13:42:43.660,10,Device1.ServoMonitor_MATPOS1:OR
10, -38.355,8,1,192,2024-03-28 13:42:42.640,2024-03-28 13:42:42.640,10,Device1.ServoMonitor_MATPOS1:OR
10, -13.635,8,1,192,2024-03-28 13:42:41.655,2024-03-28 13:42:41.655,10,Device1.ServoMonitor_MATPOS1:OR
10,  10.910,8,1,192,2024-03-28 13:42:40.656,2024-03-28 13:42:40.656,10,Device1.ServoMonitor_MATPOS1:OR
10,  35.632,8,1,192,2024-03-28 13:42:39.638,2024-03-28 13:42:39.638,10,Device1.ServoMonitor_MATPOS1:OR
10,  61.599,8,1,192,2024-03-28 13:42:38.639,2024-03-28 13:42:38.639,10,Device1.ServoMonitor_MATPOS1:OR
10,  86.143,8,1,192,2024-03-28 13:42:37.654,2024-03-28 13:42:37.654,10,Device1.ServoMonitor_MATPOS1:OR
10,  92.870,8,1,192,2024-03-28 13:42:36.656,2024-03-28 13:42:36.656,10,Device1.ServoMonitor_MATPOS1:OR
10,  66.992,8,1,192,2024-03-28 13:42:35.655,2024-03-28 13:42:35.655,10,Device1.ServoMonitor_MATPOS1:OR
10,  42.358,8,1,192,2024-03-28 13:42:34.664,2024-03-28 13:42:34.664,10,Device1.ServoMonitor_MATPOS1:OR
10,  17.814,8,1,192,2024-03-28 13:42:33.656,2024-03-28 13:42:33.656,10,Device1.ServoMonitor_MATPOS1:OR
10,  -8.153,8,1,192,2024-03-28 13:42:32.641,2024-03-28 13:42:32.641,10,Device1.ServoMonitor_MATPOS1:OR
10, -32.697,8,1,192,2024-03-28 13:42:31.673,2024-03-28 13:42:31.673,10,Device1.ServoMonitor_MATPOS1:OR
10, -57.241,8,1,192,2024-03-28 13:42:30.657,2024-03-28 13:42:30.657,10,Device1.ServoMonitor_MATPOS1:OR
10, -81.785,8,1,192,2024-03-28 13:42:29.673,2024-03-28 13:42:29.673,10,Device1.ServoMonitor_MATPOS1:OR
10, -95.892,8,1,192,2024-03-28 13:42:28.639,2024-03-28 13:42:28.639,10,Device1.ServoMonitor_MATPOS1:OR
10, -71.348,8,1,192,2024-03-28 13:42:27.639,2024-03-28 13:42:27.639,10,Device1.ServoMonitor_MATPOS1:OR
10, -45.381,8,1,192,2024-03-28 13:42:26.658,2024-03-28 13:42:26.658,10,Device1.ServoMonitor_MATPOS1:OR
10, -20.661,8,1,192,2024-03-28 13:42:25.658,2024-03-28 13:42:25.658,10,Device1.ServoMonitor_MATPOS1:OR
11, -88.862,8,1,192,2024-03-28 13:42:44.673,2024-03-28 13:42:44.673,11,Device1.ServoMonitor_MATPOS2:OR
11, -64.320,8,1,192,2024-03-28 13:42:43.675,2024-03-28 13:42:43.675,11,Device1.ServoMonitor_MATPOS2:OR
11, -38.354,8,1,192,2024-03-28 13:42:42.656,2024-03-28 13:42:42.656,11,Device1.ServoMonitor_MATPOS2:OR
11, -13.633,8,1,192,2024-03-28 13:42:41.655,2024-03-28 13:42:41.655,11,Device1.ServoMonitor_MATPOS2:OR
11,  10.910,8,1,192,2024-03-28 13:42:40.672,2024-03-28 13:42:40.672,11,Device1.ServoMonitor_MATPOS2:OR
11,  35.632,8,1,192,2024-03-28 13:42:39.638,2024-03-28 13:42:39.638,11,Device1.ServoMonitor_MATPOS2:OR
11,  61.599,8,1,192,2024-03-28 13:42:38.655,2024-03-28 13:42:38.655,11,Device1.ServoMonitor_MATPOS2:OR
11,  86.143,8,1,192,2024-03-28 13:42:37.654,2024-03-28 13:42:37.654,11,Device1.ServoMonitor_MATPOS2:OR
11,  92.870,8,1,192,2024-03-28 13:42:36.663,2024-03-28 13:42:36.663,11,Device1.ServoMonitor_MATPOS2:OR
11,  66.992,8,1,192,2024-03-28 13:42:35.655,2024-03-28 13:42:35.655,11,Device1.ServoMonitor_MATPOS2:OR
11,  42.358,8,1,192,2024-03-28 13:42:34.680,2024-03-28 13:42:34.680,11,Device1.ServoMonitor_MATPOS2:OR
11,  17.814,8,1,192,2024-03-28 13:42:33.656,2024-03-28 13:42:33.656,11,Device1.ServoMonitor_MATPOS2:OR
11,  -8.152,8,1,192,2024-03-28 13:42:32.641,2024-03-28 13:42:32.641,11,Device1.ServoMonitor_MATPOS2:OR
11, -32.695,8,1,192,2024-03-28 13:42:31.673,2024-03-28 13:42:31.673,11,Device1.ServoMonitor_MATPOS2:OR
11, -57.239,8,1,192,2024-03-28 13:42:30.671,2024-03-28 13:42:30.671,11,Device1.ServoMonitor_MATPOS2:OR
11, -81.781,8,1,192,2024-03-28 13:42:29.673,2024-03-28 13:42:29.673,11,Device1.ServoMonitor_MATPOS2:OR
11, -95.887,8,1,192,2024-03-28 13:42:28.639,2024-03-28 13:42:28.639,11,Device1.ServoMonitor_MATPOS2:OR
11, -71.345,8,1,192,2024-03-28 13:42:27.639,2024-03-28 13:42:27.639,11,Device1.ServoMonitor_MATPOS2:OR
11, -46.802,8,1,192,2024-03-28 13:42:26.658,2024-03-28 13:42:26.658,11,Device1.ServoMonitor_MATPOS2:OR
11, -20.658,8,1,192,2024-03-28 13:42:25.658,2024-03-28 13:42:25.658,11,Device1.ServoMonitor_MATPOS2:OR
12,  88.877,8,1,192,2024-03-28 13:42:44.679,2024-03-28 13:42:44.679,12,Device1.ServoMonitor_MATPOS3:OR
12,  64.333,8,1,192,2024-03-28 13:42:43.675,2024-03-28 13:42:43.675,12,Device1.ServoMonitor_MATPOS3:OR
12,  38.367,8,1,192,2024-03-28 13:42:42.656,2024-03-28 13:42:42.656,12,Device1.ServoMonitor_MATPOS3:OR
12,  13.646,8,1,192,2024-03-28 13:42:41.672,2024-03-28 13:42:41.672,12,Device1.ServoMonitor_MATPOS3:OR
12, -10.897,8,1,192,2024-03-28 13:42:40.677,2024-03-28 13:42:40.677,12,Device1.ServoMonitor_MATPOS3:OR
12, -35.619,8,1,192,2024-03-28 13:42:39.638,2024-03-28 13:42:39.638,12,Device1.ServoMonitor_MATPOS3:OR
12, -61.498,8,1,192,2024-03-28 13:42:38.655,2024-03-28 13:42:38.655,12,Device1.ServoMonitor_MATPOS3:OR
12, -86.131,8,1,192,2024-03-28 13:42:37.654,2024-03-28 13:42:37.654,12,Device1.ServoMonitor_MATPOS3:OR
12, -92.872,8,1,192,2024-03-28 13:42:36.665,2024-03-28 13:42:36.665,12,Device1.ServoMonitor_MATPOS3:OR
12, -66.994,8,1,192,2024-03-28 13:42:35.671,2024-03-28 13:42:35.671,12,Device1.ServoMonitor_MATPOS3:OR
12, -42.361,8,1,192,2024-03-28 13:42:34.680,2024-03-28 13:42:34.680,12,Device1.ServoMonitor_MATPOS3:OR
12, -17.817,8,1,192,2024-03-28 13:42:33.656,2024-03-28 13:42:33.656,12,Device1.ServoMonitor_MATPOS3:OR
12,   8.150,8,1,192,2024-03-28 13:42:32.655,2024-03-28 13:42:32.655,12,Device1.ServoMonitor_MATPOS3:OR
12,  32.693,8,1,192,2024-03-28 13:42:31.673,2024-03-28 13:42:31.673,12,Device1.ServoMonitor_MATPOS3:OR
12,  57.236,8,1,192,2024-03-28 13:42:30.673,2024-03-28 13:42:30.673,12,Device1.ServoMonitor_MATPOS3:OR
12,  81.780,8,1,192,2024-03-28 13:42:29.673,2024-03-28 13:42:29.673,12,Device1.ServoMonitor_MATPOS3:OR
12,  95.903,8,1,192,2024-03-28 13:42:28.639,2024-03-28 13:42:28.639,12,Device1.ServoMonitor_MATPOS3:OR
12,  71.358,8,1,192,2024-03-28 13:42:27.639,2024-03-28 13:42:27.639,12,Device1.ServoMonitor_MATPOS3:OR
12,  46.815,8,1,192,2024-03-28 13:42:26.672,2024-03-28 13:42:26.672,12,Device1.ServoMonitor_MATPOS3:OR
12,  20.671,8,1,192,2024-03-28 13:42:25.658,2024-03-28 13:42:25.658,12,Device1.ServoMonitor_MATPOS3:OR
40,6,3,1,192,2024-03-28 13:42:41.572,2024-03-28 13:42:41.572,40,Device1.ServoMonitor_MAXCUR21:OR
40,5,3,1,192,2024-03-28 13:42:40.572,2024-03-28 13:42:40.572,40,Device1.ServoMonitor_MAXCUR21:OR
40,11,3,1,192,2024-03-28 13:42:37.571,2024-03-28 13:42:37.571,40,Device1.ServoMonitor_MAXCUR21:OR
40,5,3,1,192,2024-03-28 13:42:35.577,2024-03-28 13:42:35.577,40,Device1.ServoMonitor_MAXCUR21:OR
40,4,3,1,192,2024-03-28 13:42:34.570,2024-03-28 13:42:34.570,40,Device1.ServoMonitor_MAXCUR21:OR
40,5,3,1,192,2024-03-28 13:42:32.557,2024-03-28 13:42:32.557,40,Device1.ServoMonitor_MAXCUR21:OR
40,9,3,1,192,2024-03-28 13:42:29.572,2024-03-28 13:42:29.572,40,Device1.ServoMonitor_MAXCUR21:OR
40,5,3,1,192,2024-03-28 13:42:28.557,2024-03-28 13:42:28.557,40,Device1.ServoMonitor_MAXCUR21:OR
40,6,3,1,192,2024-03-28 13:42:24.575,2024-03-28 13:42:24.575,40,Device1.ServoMonitor_MAXCUR21:OR
40,12,3,1,192,2024-03-28 13:42:21.557,2024-03-28 13:42:21.557,40,Device1.ServoMonitor_MAXCUR21:OR
40,4,3,1,192,2024-03-28 13:42:20.574,2024-03-28 13:42:20.574,40,Device1.ServoMonitor_MAXCUR21:OR
40,5,3,1,192,2024-03-28 13:42:17.573,2024-03-28 13:42:17.573,40,Device1.ServoMonitor_MAXCUR21:OR
40,4,3,1,192,2024-03-28 13:42:16.577,2024-03-28 13:42:16.577,40,Device1.ServoMonitor_MAXCUR21:OR
40,11,3,1,192,2024-03-28 13:42:13.573,2024-03-28 13:42:13.573,40,Device1.ServoMonitor_MAXCUR21:OR
40,6,3,1,192,2024-03-28 13:42:08.572,2024-03-28 13:42:08.572,40,Device1.ServoMonitor_MAXCUR21:OR
40,12,3,1,192,2024-03-28 13:42:05.573,2024-03-28 13:42:05.573,40,Device1.ServoMonitor_MAXCUR21:OR
40,5,3,1,192,2024-03-28 13:42:00.572,2024-03-28 13:42:00.572,40,Device1.ServoMonitor_MAXCUR21:OR
40,10,3,1,192,2024-03-28 13:41:57.572,2024-03-28 13:41:57.572,40,Device1.ServoMonitor_MAXCUR21:OR
40,6,3,1,192,2024-03-28 13:41:52.558,2024-03-28 13:41:52.558,40,Device1.ServoMonitor_MAXCUR21:OR
40,12,3,1,192,2024-03-28 13:41:49.573,2024-03-28 13:41:49.573,40,Device1.ServoMonitor_MAXCUR21:OR
41,9,3,1,192,2024-03-28 13:42:40.590,2024-03-28 13:42:40.590,41,Device1.ServoMonitor_MAXCUR22:OR
41,12,3,1,192,2024-03-28 13:42:37.571,2024-03-28 13:42:37.571,41,Device1.ServoMonitor_MAXCUR22:OR
41,8,3,1,192,2024-03-28 13:42:32.557,2024-03-28 13:42:32.557,41,Device1.ServoMonitor_MAXCUR22:OR
41,12,3,1,192,2024-03-28 13:42:29.587,2024-03-28 13:42:29.587,41,Device1.ServoMonitor_MAXCUR22:OR
41,9,3,1,192,2024-03-28 13:42:24.575,2024-03-28 13:42:24.575,41,Device1.ServoMonitor_MAXCUR22:OR
41,12,3,1,192,2024-03-28 13:42:21.573,2024-03-28 13:42:21.573,41,Device1.ServoMonitor_MAXCUR22:OR
41,8,3,1,192,2024-03-28 13:42:16.581,2024-03-28 13:42:16.581,41,Device1.ServoMonitor_MAXCUR22:OR
41,12,3,1,192,2024-03-28 13:42:13.573,2024-03-28 13:42:13.573,41,Device1.ServoMonitor_MAXCUR22:OR
41,9,3,1,192,2024-03-28 13:42:08.572,2024-03-28 13:42:08.572,41,Device1.ServoMonitor_MAXCUR22:OR
41,11,3,1,192,2024-03-28 13:42:05.573,2024-03-28 13:42:05.573,41,Device1.ServoMonitor_MAXCUR22:OR
41,8,3,1,192,2024-03-28 13:42:00.588,2024-03-28 13:42:00.588,41,Device1.ServoMonitor_MAXCUR22:OR
41,11,3,1,192,2024-03-28 13:41:57.572,2024-03-28 13:41:57.572,41,Device1.ServoMonitor_MAXCUR22:OR
41,9,3,1,192,2024-03-28 13:41:52.558,2024-03-28 13:41:52.558,41,Device1.ServoMonitor_MAXCUR22:OR
41,11,3,1,192,2024-03-28 13:41:49.576,2024-03-28 13:41:49.576,41,Device1.ServoMonitor_MAXCUR22:OR
41,8,3,1,192,2024-03-28 13:41:44.574,2024-03-28 13:41:44.574,41,Device1.ServoMonitor_MAXCUR22:OR
41,11,3,1,192,2024-03-28 13:41:40.607,2024-03-28 13:41:40.607,41,Device1.ServoMonitor_MAXCUR22:OR
41,9,3,1,192,2024-03-28 13:41:34.568,2024-03-28 13:41:34.568,41,Device1.ServoMonitor_MAXCUR22:OR
41,11,3,1,192,2024-03-28 13:41:32.566,2024-03-28 13:41:32.566,41,Device1.ServoMonitor_MAXCUR22:OR
41,8,3,1,192,2024-03-28 13:41:26.589,2024-03-28 13:41:26.589,41,Device1.ServoMonitor_MAXCUR22:OR
41,12,3,1,192,2024-03-28 13:41:24.567,2024-03-28 13:41:24.567,41,Device1.ServoMonitor_MAXCUR22:OR
42,15,3,1,192,2024-03-28 13:42:39.572,2024-03-28 13:42:39.572,42,Device1.ServoMonitor_MAXCUR23:OR
42,14,3,1,192,2024-03-28 13:42:38.572,2024-03-28 13:42:38.572,42,Device1.ServoMonitor_MAXCUR23:OR
42,17,3,1,192,2024-03-28 13:42:36.584,2024-03-28 13:42:36.584,42,Device1.ServoMonitor_MAXCUR23:OR
42,20,3,1,192,2024-03-28 13:42:34.586,2024-03-28 13:42:34.586,42,Device1.ServoMonitor_MAXCUR23:OR
42,17,3,1,192,2024-03-28 13:42:30.574,2024-03-28 13:42:30.574,42,Device1.ServoMonitor_MAXCUR23:OR
42,15,3,1,192,2024-03-28 13:42:28.572,2024-03-28 13:42:28.572,42,Device1.ServoMonitor_MAXCUR23:OR
42,18,3,1,192,2024-03-28 13:42:26.588,2024-03-28 13:42:26.588,42,Device1.ServoMonitor_MAXCUR23:OR
42,15,3,1,192,2024-03-28 13:42:23.574,2024-03-28 13:42:23.574,42,Device1.ServoMonitor_MAXCUR23:OR
42,14,3,1,192,2024-03-28 13:42:22.572,2024-03-28 13:42:22.572,42,Device1.ServoMonitor_MAXCUR23:OR
42,17,3,1,192,2024-03-28 13:42:18.573,2024-03-28 13:42:18.573,42,Device1.ServoMonitor_MAXCUR23:OR
42,16,3,1,192,2024-03-28 13:42:13.593,2024-03-28 13:42:13.593,42,Device1.ServoMonitor_MAXCUR23:OR
42,15,3,1,192,2024-03-28 13:42:06.572,2024-03-28 13:42:06.572,42,Device1.ServoMonitor_MAXCUR23:OR
42,17,3,1,192,2024-03-28 13:41:59.572,2024-03-28 13:41:59.572,42,Device1.ServoMonitor_MAXCUR23:OR
42,16,3,1,192,2024-03-28 13:41:57.572,2024-03-28 13:41:57.572,42,Device1.ServoMonitor_MAXCUR23:OR
42,15,3,1,192,2024-03-28 13:41:56.591,2024-03-28 13:41:56.591,42,Device1.ServoMonitor_MAXCUR23:OR
42,18,3,1,192,2024-03-28 13:41:54.583,2024-03-28 13:41:54.583,42,Device1.ServoMonitor_MAXCUR23:OR
42,15,3,1,192,2024-03-28 13:41:50.586,2024-03-28 13:41:50.586,42,Device1.ServoMonitor_MAXCUR23:OR
42,20,3,1,192,2024-03-28 13:41:47.597,2024-03-28 13:41:47.597,42,Device1.ServoMonitor_MAXCUR23:OR
42,17,3,1,192,2024-03-28 13:41:42.580,2024-03-28 13:41:42.580,42,Device1.ServoMonitor_MAXCUR23:OR
42,18,3,1,192,2024-03-28 13:41:40.607,2024-03-28 13:41:40.607,42,Device1.ServoMonitor_MAXCUR23:OR
16,  -5.958,8,1,192,2024-03-28 13:42:44.723,2024-03-28 13:42:44.723,16,Device1.ServoMonitor_RemainCommand1:OR
16, -30.858,8,1,192,2024-03-28 13:42:43.722,2024-03-28 13:42:43.722,16,Device1.ServoMonitor_RemainCommand1:OR
16, -56.470,8,1,192,2024-03-28 13:42:42.690,2024-03-28 13:42:42.690,16,Device1.ServoMonitor_RemainCommand1:OR
16, -81.192,8,1,192,2024-03-28 13:42:41.706,2024-03-28 13:42:41.706,16,Device1.ServoMonitor_RemainCommand1:OR
16,-106.092,8,1,192,2024-03-28 13:42:40.720,2024-03-28 13:42:40.720,16,Device1.ServoMonitor_RemainCommand1:OR
16,-131.703,8,1,192,2024-03-28 13:42:39.688,2024-03-28 13:42:39.688,16,Device1.ServoMonitor_RemainCommand1:OR
16,-156.425,8,1,192,2024-03-28 13:42:38.704,2024-03-28 13:42:38.704,16,Device1.ServoMonitor_RemainCommand1:OR
16,-181.325,8,1,192,2024-03-28 13:42:37.704,2024-03-28 13:42:37.704,16,Device1.ServoMonitor_RemainCommand1:OR
16,   2.668,8,1,192,2024-03-28 13:42:36.710,2024-03-28 13:42:36.710,16,Device1.ServoMonitor_RemainCommand1:OR
16,  27.746,8,1,192,2024-03-28 13:42:35.702,2024-03-28 13:42:35.702,16,Device1.ServoMonitor_RemainCommand1:OR
16,  52.112,8,1,192,2024-03-28 13:42:34.726,2024-03-28 13:42:34.726,16,Device1.ServoMonitor_RemainCommand1:OR
16,  78.079,8,1,192,2024-03-28 13:42:33.690,2024-03-28 13:42:33.690,16,Device1.ServoMonitor_RemainCommand1:OR
16, 103.157,8,1,192,2024-03-28 13:42:32.690,2024-03-28 13:42:32.690,16,Device1.ServoMonitor_RemainCommand1:OR
16, 127.345,8,1,192,2024-03-28 13:42:31.723,2024-03-28 13:42:31.723,16,Device1.ServoMonitor_RemainCommand1:OR
16, 152.601,8,1,192,2024-03-28 13:42:30.721,2024-03-28 13:42:30.721,16,Device1.ServoMonitor_RemainCommand1:OR
16, 177.323,8,1,192,2024-03-28 13:42:29.724,2024-03-28 13:42:29.724,16,Device1.ServoMonitor_RemainCommand1:OR
16,   0.000,8,1,192,2024-03-28 13:42:28.674,2024-03-28 13:42:28.674,16,Device1.ServoMonitor_RemainCommand1:OR
16, -24.900,8,1,192,2024-03-28 13:42:27.673,2024-03-28 13:42:27.673,16,Device1.ServoMonitor_RemainCommand1:OR
16, -49.088,8,1,192,2024-03-28 13:42:26.709,2024-03-28 13:42:26.709,16,Device1.ServoMonitor_RemainCommand1:OR
16, -74.344,8,1,192,2024-03-28 13:42:25.708,2024-03-28 13:42:25.708,16,Device1.ServoMonitor_RemainCommand1:OR
17,  -5.780,8,1,192,2024-03-28 13:42:44.723,2024-03-28 13:42:44.723,17,Device1.ServoMonitor_RemainCommand2:OR
17, -30.680,8,1,192,2024-03-28 13:42:43.722,2024-03-28 13:42:43.722,17,Device1.ServoMonitor_RemainCommand2:OR
17, -56.470,8,1,192,2024-03-28 13:42:42.690,2024-03-28 13:42:42.690,17,Device1.ServoMonitor_RemainCommand2:OR
17, -81.014,8,1,192,2024-03-28 13:42:41.706,2024-03-28 13:42:41.706,17,Device1.ServoMonitor_RemainCommand2:OR
17,-105.914,8,1,192,2024-03-28 13:42:40.720,2024-03-28 13:42:40.720,17,Device1.ServoMonitor_RemainCommand2:OR
17,-131.525,8,1,192,2024-03-28 13:42:39.688,2024-03-28 13:42:39.688,17,Device1.ServoMonitor_RemainCommand2:OR
17,-156.425,8,1,192,2024-03-28 13:42:38.706,2024-03-28 13:42:38.706,17,Device1.ServoMonitor_RemainCommand2:OR
17,-181.147,8,1,192,2024-03-28 13:42:37.704,2024-03-28 13:42:37.704,17,Device1.ServoMonitor_RemainCommand2:OR
17,   2.668,8,1,192,2024-03-28 13:42:36.714,2024-03-28 13:42:36.714,17,Device1.ServoMonitor_RemainCommand2:OR
17,  27.568,8,1,192,2024-03-28 13:42:35.702,2024-03-28 13:42:35.702,17,Device1.ServoMonitor_RemainCommand2:OR
17,  51.934,8,1,192,2024-03-28 13:42:34.742,2024-03-28 13:42:34.742,17,Device1.ServoMonitor_RemainCommand2:OR
17,  77.901,8,1,192,2024-03-28 13:42:33.704,2024-03-28 13:42:33.704,17,Device1.ServoMonitor_RemainCommand2:OR
17, 102.979,8,1,192,2024-03-28 13:42:32.690,2024-03-28 13:42:32.690,17,Device1.ServoMonitor_RemainCommand2:OR
17, 127.345,8,1,192,2024-03-28 13:42:31.723,2024-03-28 13:42:31.723,17,Device1.ServoMonitor_RemainCommand2:OR
17, 152.423,8,1,192,2024-03-28 13:42:30.724,2024-03-28 13:42:30.724,17,Device1.ServoMonitor_RemainCommand2:OR
17, 177.145,8,1,192,2024-03-28 13:42:29.724,2024-03-28 13:42:29.724,17,Device1.ServoMonitor_RemainCommand2:OR
17,   0.000,8,1,192,2024-03-28 13:42:28.674,2024-03-28 13:42:28.674,17,Device1.ServoMonitor_RemainCommand2:OR
17, -24.722,8,1,192,2024-03-28 13:42:27.673,2024-03-28 13:42:27.673,17,Device1.ServoMonitor_RemainCommand2:OR
17, -49.088,8,1,192,2024-03-28 13:42:26.709,2024-03-28 13:42:26.709,17,Device1.ServoMonitor_RemainCommand2:OR
17, -74.166,8,1,192,2024-03-28 13:42:25.708,2024-03-28 13:42:25.708,17,Device1.ServoMonitor_RemainCommand2:OR
18,  -5.602,8,1,192,2024-03-28 13:42:44.723,2024-03-28 13:42:44.723,18,Device1.ServoMonitor_RemainCommand3:OR
18, -30.680,8,1,192,2024-03-28 13:42:43.722,2024-03-28 13:42:43.722,18,Device1.ServoMonitor_RemainCommand3:OR
18, -56.292,8,1,192,2024-03-28 13:42:42.706,2024-03-28 13:42:42.706,18,Device1.ServoMonitor_RemainCommand3:OR
18, -81.014,8,1,192,2024-03-28 13:42:41.722,2024-03-28 13:42:41.722,18,Device1.ServoMonitor_RemainCommand3:OR
18,-105.736,8,1,192,2024-03-28 13:42:40.720,2024-03-28 13:42:40.720,18,Device1.ServoMonitor_RemainCommand3:OR
18,-131.525,8,1,192,2024-03-28 13:42:39.688,2024-03-28 13:42:39.688,18,Device1.ServoMonitor_RemainCommand3:OR
18,-156.247,8,1,192,2024-03-28 13:42:38.706,2024-03-28 13:42:38.706,18,Device1.ServoMonitor_RemainCommand3:OR
18,-181.147,8,1,192,2024-03-28 13:42:37.704,2024-03-28 13:42:37.704,18,Device1.ServoMonitor_RemainCommand3:OR
18,   2.490,8,1,192,2024-03-28 13:42:36.717,2024-03-28 13:42:36.718,18,Device1.ServoMonitor_RemainCommand3:OR
18,  27.568,8,1,192,2024-03-28 13:42:35.718,2024-03-28 13:42:35.718,18,Device1.ServoMonitor_RemainCommand3:OR
18,  51.756,8,1,192,2024-03-28 13:42:34.742,2024-03-28 13:42:34.742,18,Device1.ServoMonitor_RemainCommand3:OR
18,  77.901,8,1,192,2024-03-28 13:42:33.708,2024-03-28 13:42:33.708,18,Device1.ServoMonitor_RemainCommand3:OR
18, 102.979,8,1,192,2024-03-28 13:42:32.706,2024-03-28 13:42:32.706,18,Device1.ServoMonitor_RemainCommand3:OR
18, 127.168,8,1,192,2024-03-28 13:42:31.723,2024-03-28 13:42:31.723,18,Device1.ServoMonitor_RemainCommand3:OR
18, 152.245,8,1,192,2024-03-28 13:42:30.724,2024-03-28 13:42:30.724,18,Device1.ServoMonitor_RemainCommand3:OR
18, 177.145,8,1,192,2024-03-28 13:42:29.739,2024-03-28 13:42:29.739,18,Device1.ServoMonitor_RemainCommand3:OR
18,   0.000,8,1,192,2024-03-28 13:42:28.689,2024-03-28 13:42:28.689,18,Device1.ServoMonitor_RemainCommand3:OR
18, -24.722,8,1,192,2024-03-28 13:42:27.689,2024-03-28 13:42:27.689,18,Device1.ServoMonitor_RemainCommand3:OR
18, -48.911,8,1,192,2024-03-28 13:42:26.721,2024-03-28 13:42:26.721,18,Device1.ServoMonitor_RemainCommand3:OR
18, -74.166,8,1,192,2024-03-28 13:42:25.708,2024-03-28 13:42:25.708,18,Device1.ServoMonitor_RemainCommand3:OR
13, -90.446,8,1,192,2024-03-28 13:42:44.685,2024-03-28 13:42:44.685,13,Device1.ServoMonitor_SCAPOS1:OR
13, -65.456,8,1,192,2024-03-28 13:42:43.675,2024-03-28 13:42:43.675,13,Device1.ServoMonitor_SCAPOS1:OR
13, -39.934,8,1,192,2024-03-28 13:42:42.656,2024-03-28 13:42:42.656,13,Device1.ServoMonitor_SCAPOS1:OR
13, -15.303,8,1,192,2024-03-28 13:42:41.672,2024-03-28 13:42:41.672,13,Device1.ServoMonitor_SCAPOS1:OR
13,   9.687,8,1,192,2024-03-28 13:42:40.681,2024-03-28 13:42:40.681,13,Device1.ServoMonitor_SCAPOS1:OR
13,  35.298,8,1,192,2024-03-28 13:42:39.655,2024-03-28 13:42:39.655,13,Device1.ServoMonitor_SCAPOS1:OR
13,  60.109,8,1,192,2024-03-28 13:42:38.655,2024-03-28 13:42:38.655,13,Device1.ServoMonitor_SCAPOS1:OR
13,  84.921,8,1,192,2024-03-28 13:42:37.671,2024-03-28 13:42:37.671,13,Device1.ServoMonitor_SCAPOS1:OR
13,  93.648,8,1,192,2024-03-28 13:42:36.672,2024-03-28 13:42:36.672,13,Device1.ServoMonitor_SCAPOS1:OR
13,  68.659,8,1,192,2024-03-28 13:42:35.671,2024-03-28 13:42:35.671,13,Device1.ServoMonitor_SCAPOS1:OR
13,  44.115,8,1,192,2024-03-28 13:42:34.680,2024-03-28 13:42:34.680,13,Device1.ServoMonitor_SCAPOS1:OR
13,  18.503,8,1,192,2024-03-28 13:42:33.656,2024-03-28 13:42:33.656,13,Device1.ServoMonitor_SCAPOS1:OR
13,  -6.753,8,1,192,2024-03-28 13:42:32.657,2024-03-28 13:42:32.657,13,Device1.ServoMonitor_SCAPOS1:OR
13, -31.030,8,1,192,2024-03-28 13:42:31.688,2024-03-28 13:42:31.688,13,Device1.ServoMonitor_SCAPOS1:OR
13, -56.196,8,1,192,2024-03-28 13:42:30.673,2024-03-28 13:42:30.673,13,Device1.ServoMonitor_SCAPOS1:OR
13, -81.007,8,1,192,2024-03-28 13:42:29.688,2024-03-28 13:42:29.688,13,Device1.ServoMonitor_SCAPOS1:OR
13, -96.670,8,1,192,2024-03-28 13:42:28.639,2024-03-28 13:42:28.639,13,Device1.ServoMonitor_SCAPOS1:OR
13, -71.681,8,1,192,2024-03-28 13:42:27.639,2024-03-28 13:42:27.639,13,Device1.ServoMonitor_SCAPOS1:OR
13, -47.226,8,1,192,2024-03-28 13:42:26.673,2024-03-28 13:42:26.673,13,Device1.ServoMonitor_SCAPOS1:OR
13, -22.150,8,1,192,2024-03-28 13:42:25.672,2024-03-28 13:42:25.672,13,Device1.ServoMonitor_SCAPOS1:OR
14, -90.618,8,1,192,2024-03-28 13:42:44.690,2024-03-28 13:42:44.690,14,Device1.ServoMonitor_SCAPOS2:OR
14, -65.543,8,1,192,2024-03-28 13:42:43.675,2024-03-28 13:42:43.675,14,Device1.ServoMonitor_SCAPOS2:OR
14, -40.021,8,1,192,2024-03-28 13:42:42.656,2024-03-28 13:42:42.656,14,Device1.ServoMonitor_SCAPOS2:OR
14, -15.389,8,1,192,2024-03-28 13:42:41.672,2024-03-28 13:42:41.672,14,Device1.ServoMonitor_SCAPOS2:OR
14,   9.598,8,1,192,2024-03-28 13:42:40.684,2024-03-28 13:42:40.684,14,Device1.ServoMonitor_SCAPOS2:OR
14,  35.121,8,1,192,2024-03-28 13:42:39.655,2024-03-28 13:42:39.655,14,Device1.ServoMonitor_SCAPOS2:OR
14,  60.020,8,1,192,2024-03-28 13:42:38.655,2024-03-28 13:42:38.655,14,Device1.ServoMonitor_SCAPOS2:OR
14,  84.832,8,1,192,2024-03-28 13:42:37.671,2024-03-28 13:42:37.671,14,Device1.ServoMonitor_SCAPOS2:OR
14,  93.737,8,1,192,2024-03-28 13:42:36.676,2024-03-28 13:42:36.676,14,Device1.ServoMonitor_SCAPOS2:OR
14,  68.748,8,1,192,2024-03-28 13:42:35.671,2024-03-28 13:42:35.671,14,Device1.ServoMonitor_SCAPOS2:OR
14,  44.292,8,1,192,2024-03-28 13:42:34.695,2024-03-28 13:42:34.695,14,Device1.ServoMonitor_SCAPOS2:OR
14,  18.592,8,1,192,2024-03-28 13:42:33.673,2024-03-28 13:42:33.673,14,Device1.ServoMonitor_SCAPOS2:OR
14,  -6.574,8,1,192,2024-03-28 13:42:32.657,2024-03-28 13:42:32.657,14,Device1.ServoMonitor_SCAPOS2:OR
14, -30.938,8,1,192,2024-03-28 13:42:31.688,2024-03-28 13:42:31.688,14,Device1.ServoMonitor_SCAPOS2:OR
14, -56.105,8,1,192,2024-03-28 13:42:30.673,2024-03-28 13:42:30.673,14,Device1.ServoMonitor_SCAPOS2:OR
14, -80.825,8,1,192,2024-03-28 13:42:29.688,2024-03-28 13:42:29.688,14,Device1.ServoMonitor_SCAPOS2:OR
14, -96.754,8,1,192,2024-03-28 13:42:28.639,2024-03-28 13:42:28.654,14,Device1.ServoMonitor_SCAPOS2:OR
14, -71.767,8,1,192,2024-03-28 13:42:27.654,2024-03-28 13:42:27.654,14,Device1.ServoMonitor_SCAPOS2:OR
14, -47.313,8,1,192,2024-03-28 13:42:26.673,2024-03-28 13:42:26.673,14,Device1.ServoMonitor_SCAPOS2:OR
14, -22.236,8,1,192,2024-03-28 13:42:25.674,2024-03-28 13:42:25.674,14,Device1.ServoMonitor_SCAPOS2:OR
15, -90.723,8,1,192,2024-03-28 13:42:44.694,2024-03-28 13:42:44.694,15,Device1.ServoMonitor_SCAPOS3:OR
15, -65.733,8,1,192,2024-03-28 13:42:43.691,2024-03-28 13:42:43.691,15,Device1.ServoMonitor_SCAPOS3:OR
15, -40.123,8,1,192,2024-03-28 13:42:42.671,2024-03-28 13:42:42.671,15,Device1.ServoMonitor_SCAPOS3:OR
15, -15.492,8,1,192,2024-03-28 13:42:41.672,2024-03-28 13:42:41.672,15,Device1.ServoMonitor_SCAPOS3:OR
15,   9.497,8,1,192,2024-03-28 13:42:40.688,2024-03-28 13:42:40.688,15,Device1.ServoMonitor_SCAPOS3:OR
15,  35.019,8,1,192,2024-03-28 13:42:39.655,2024-03-28 13:42:39.655,15,Device1.ServoMonitor_SCAPOS3:OR
15,  59.919,8,1,192,2024-03-28 13:42:38.672,2024-03-28 13:42:38.672,15,Device1.ServoMonitor_SCAPOS3:OR
15,  84.731,8,1,192,2024-03-28 13:42:37.671,2024-03-28 13:42:37.671,15,Device1.ServoMonitor_SCAPOS3:OR
15,  93.917,8,1,192,2024-03-28 13:42:36.683,2024-03-28 13:42:36.683,15,Device1.ServoMonitor_SCAPOS3:OR
15,  68.839,8,1,192,2024-03-28 13:42:35.671,2024-03-28 13:42:35.671,15,Device1.ServoMonitor_SCAPOS3:OR
15,  44.384,8,1,192,2024-03-28 13:42:34.695,2024-03-28 13:42:34.695,15,Device1.ServoMonitor_SCAPOS3:OR
15,  18.684,8,1,192,2024-03-28 13:42:33.673,2024-03-28 13:42:33.673,15,Device1.ServoMonitor_SCAPOS3:OR
15,  -6.483,8,1,192,2024-03-28 13:42:32.657,2024-03-28 13:42:32.657,15,Device1.ServoMonitor_SCAPOS3:OR
15, -30.848,8,1,192,2024-03-28 13:42:31.688,2024-03-28 13:42:31.688,15,Device1.ServoMonitor_SCAPOS3:OR
15, -56.013,8,1,192,2024-03-28 13:42:30.689,2024-03-28 13:42:30.689,15,Device1.ServoMonitor_SCAPOS3:OR
15, -80.734,8,1,192,2024-03-28 13:42:29.688,2024-03-28 13:42:29.688,15,Device1.ServoMonitor_SCAPOS3:OR
15, -96.859,8,1,192,2024-03-28 13:42:28.657,2024-03-28 13:42:28.657,15,Device1.ServoMonitor_SCAPOS3:OR
15, -71.869,8,1,192,2024-03-28 13:42:27.656,2024-03-28 13:42:27.656,15,Device1.ServoMonitor_SCAPOS3:OR
15, -47.415,8,1,192,2024-03-28 13:42:26.673,2024-03-28 13:42:26.673,15,Device1.ServoMonitor_SCAPOS3:OR
15, -22.427,8,1,192,2024-03-28 13:42:25.674,2024-03-28 13:42:25.674,15,Device1.ServoMonitor_SCAPOS3:OR
34,124,3,1,192,2024-03-28 13:42:45.534,2024-03-28 13:42:45.534,34,Device1.ServoMonitor_Speed1:OR
34,65411,3,1,192,2024-03-28 13:42:40.538,2024-03-28 13:42:40.538,34,Device1.ServoMonitor_Speed1:OR
34,65412,3,1,192,2024-03-28 13:42:39.522,2024-03-28 13:42:39.522,34,Device1.ServoMonitor_Speed1:OR
34,65411,3,1,192,2024-03-28 13:42:38.522,2024-03-28 13:42:38.522,34,Device1.ServoMonitor_Speed1:OR
34,65412,3,1,192,2024-03-28 13:42:37.521,2024-03-28 13:42:37.521,34,Device1.ServoMonitor_Speed1:OR
34,125,3,1,192,2024-03-28 13:42:36.542,2024-03-28 13:42:36.542,34,Device1.ServoMonitor_Speed1:OR
34,124,3,1,192,2024-03-28 13:42:35.546,2024-03-28 13:42:35.546,34,Device1.ServoMonitor_Speed1:OR
34,125,3,1,192,2024-03-28 13:42:33.524,2024-03-28 13:42:33.524,34,Device1.ServoMonitor_Speed1:OR
34,124,3,1,192,2024-03-28 13:42:32.524,2024-03-28 13:42:32.524,34,Device1.ServoMonitor_Speed1:OR
34,125,3,1,192,2024-03-28 13:42:29.539,2024-03-28 13:42:29.539,34,Device1.ServoMonitor_Speed1:OR
34,65412,3,1,192,2024-03-28 13:42:28.523,2024-03-28 13:42:28.523,34,Device1.ServoMonitor_Speed1:OR
34,65411,3,1,192,2024-03-28 13:42:24.539,2024-03-28 13:42:24.539,34,Device1.ServoMonitor_Speed1:OR
34,65412,3,1,192,2024-03-28 13:42:22.523,2024-03-28 13:42:22.523,34,Device1.ServoMonitor_Speed1:OR
34,65411,3,1,192,2024-03-28 13:42:21.523,2024-03-28 13:42:21.523,34,Device1.ServoMonitor_Speed1:OR
34,125,3,1,192,2024-03-28 13:42:17.540,2024-03-28 13:42:17.540,34,Device1.ServoMonitor_Speed1:OR
34,124,3,1,192,2024-03-28 13:42:16.539,2024-03-28 13:42:16.539,34,Device1.ServoMonitor_Speed1:OR
34,125,3,1,192,2024-03-28 13:42:15.539,2024-03-28 13:42:15.539,34,Device1.ServoMonitor_Speed1:OR
34,124,3,1,192,2024-03-28 13:42:14.523,2024-03-28 13:42:14.523,34,Device1.ServoMonitor_Speed1:OR
34,125,3,1,192,2024-03-28 13:42:13.540,2024-03-28 13:42:13.540,34,Device1.ServoMonitor_Speed1:OR
34,65530,3,1,192,2024-03-28 13:42:12.540,2024-03-28 13:42:12.540,34,Device1.ServoMonitor_Speed1:OR
35,124,3,1,192,2024-03-28 13:42:45.538,2024-03-28 13:42:45.538,35,Device1.ServoMonitor_Speed2:OR
35,65411,3,1,192,2024-03-28 13:42:44.538,2024-03-28 13:42:44.538,35,Device1.ServoMonitor_Speed2:OR
35,65412,3,1,192,2024-03-28 13:42:43.535,2024-03-28 13:42:43.535,35,Device1.ServoMonitor_Speed2:OR
35,65411,3,1,192,2024-03-28 13:42:38.522,2024-03-28 13:42:38.522,35,Device1.ServoMonitor_Speed2:OR
35,65412,3,1,192,2024-03-28 13:42:37.538,2024-03-28 13:42:37.538,35,Device1.ServoMonitor_Speed2:OR
35,125,3,1,192,2024-03-28 13:42:35.546,2024-03-28 13:42:35.546,35,Device1.ServoMonitor_Speed2:OR
35,124,3,1,192,2024-03-28 13:42:34.554,2024-03-28 13:42:34.554,35,Device1.ServoMonitor_Speed2:OR
35,125,3,1,192,2024-03-28 13:42:33.540,2024-03-28 13:42:33.540,35,Device1.ServoMonitor_Speed2:OR
35,124,3,1,192,2024-03-28 13:42:32.539,2024-03-28 13:42:32.539,35,Device1.ServoMonitor_Speed2:OR
35,125,3,1,192,2024-03-28 13:42:29.539,2024-03-28 13:42:29.539,35,Device1.ServoMonitor_Speed2:OR
35,65411,3,1,192,2024-03-28 13:42:21.523,2024-03-28 13:42:21.523,35,Device1.ServoMonitor_Speed2:OR
35,124,3,1,192,2024-03-28 13:42:20.540,2024-03-28 13:42:20.540,35,Device1.ServoMonitor_Speed2:OR
35,125,3,1,192,2024-03-28 13:42:13.540,2024-03-28 13:42:13.540,35,Device1.ServoMonitor_Speed2:OR
35,65533,3,1,192,2024-03-28 13:42:12.540,2024-03-28 13:42:12.540,35,Device1.ServoMonitor_Speed2:OR
35,65412,3,1,192,2024-03-28 13:42:11.542,2024-03-28 13:42:11.542,35,Device1.ServoMonitor_Speed2:OR
35,65411,3,1,192,2024-03-28 13:42:07.538,2024-03-28 13:42:07.538,35,Device1.ServoMonitor_Speed2:OR
35,65412,3,1,192,2024-03-28 13:42:05.541,2024-03-28 13:42:05.541,35,Device1.ServoMonitor_Speed2:OR
35,65424,3,1,192,2024-03-28 13:42:04.542,2024-03-28 13:42:04.542,35,Device1.ServoMonitor_Speed2:OR
35,124,3,1,192,2024-03-28 13:42:03.541,2024-03-28 13:42:03.541,35,Device1.ServoMonitor_Speed2:OR
35,125,3,1,192,2024-03-28 13:42:01.540,2024-03-28 13:42:01.540,35,Device1.ServoMonitor_Speed2:OR
36,65411,3,1,192,2024-03-28 13:42:45.549,2024-03-28 13:42:45.549,36,Device1.ServoMonitor_Speed3:OR
36,125,3,1,192,2024-03-28 13:42:41.539,2024-03-28 13:42:41.539,36,Device1.ServoMonitor_Speed3:OR
36,124,3,1,192,2024-03-28 13:42:40.539,2024-03-28 13:42:40.539,36,Device1.ServoMonitor_Speed3:OR
36,125,3,1,192,2024-03-28 13:42:38.539,2024-03-28 13:42:38.539,36,Device1.ServoMonitor_Speed3:OR
36,124,3,1,192,2024-03-28 13:42:37.538,2024-03-28 13:42:37.538,36,Device1.ServoMonitor_Speed3:OR
36,65411,3,1,192,2024-03-28 13:42:29.539,2024-03-28 13:42:29.539,36,Device1.ServoMonitor_Speed3:OR
36,125,3,1,192,2024-03-28 13:42:25.541,2024-03-28 13:42:25.541,36,Device1.ServoMonitor_Speed3:OR
36,124,3,1,192,2024-03-28 13:42:23.540,2024-03-28 13:42:23.540,36,Device1.ServoMonitor_Speed3:OR
36,125,3,1,192,2024-03-28 13:42:21.540,2024-03-28 13:42:21.540,36,Device1.ServoMonitor_Speed3:OR
36,65411,3,1,192,2024-03-28 13:42:20.540,2024-03-28 13:42:20.540,36,Device1.ServoMonitor_Speed3:OR
36,65412,3,1,192,2024-03-28 13:42:19.539,2024-03-28 13:42:19.539,36,Device1.ServoMonitor_Speed3:OR
36,65411,3,1,192,2024-03-28 13:42:15.541,2024-03-28 13:42:15.541,36,Device1.ServoMonitor_Speed3:OR
36,65412,3,1,192,2024-03-28 13:42:14.540,2024-03-28 13:42:14.540,36,Device1.ServoMonitor_Speed3:OR
36,65411,3,1,192,2024-03-28 13:42:13.540,2024-03-28 13:42:13.540,36,Device1.ServoMonitor_Speed3:OR
36,2,3,1,192,2024-03-28 13:42:12.555,2024-03-28 13:42:12.555,36,Device1.ServoMonitor_Speed3:OR
36,125,3,1,192,2024-03-28 13:42:09.539,2024-03-28 13:42:09.539,36,Device1.ServoMonitor_Speed3:OR
36,124,3,1,192,2024-03-28 13:42:08.539,2024-03-28 13:42:08.539,36,Device1.ServoMonitor_Speed3:OR
36,125,3,1,192,2024-03-28 13:42:06.539,2024-03-28 13:42:06.539,36,Device1.ServoMonitor_Speed3:OR
36,124,3,1,192,2024-03-28 13:42:05.541,2024-03-28 13:42:05.541,36,Device1.ServoMonitor_Speed3:OR
36,115,3,1,192,2024-03-28 13:42:04.542,2024-03-28 13:42:04.542,36,Device1.ServoMonitor_Speed3:OR
26,3,3,1,192,2024-03-28 13:41:33.739,2024-03-28 13:41:33.739,26,Device1.SpindleMonitor_ControlOutput11:OR
26,4099,3,1,192,2024-03-28 13:41:32.738,2024-03-28 13:41:32.738,26,Device1.SpindleMonitor_ControlOutput11:OR
26,3,3,1,192,2024-03-28 12:27:12.765,2024-03-28 12:27:12.765,26,Device1.SpindleMonitor_ControlOutput11:OR
26,4099,3,1,192,2024-03-28 12:27:11.765,2024-03-28 12:27:11.765,26,Device1.SpindleMonitor_ControlOutput11:OR
43,1025,3,1,192,2024-03-28 13:42:22.722,2024-03-28 13:42:22.722,43,Device1.SpindleMonitor_ControlOutput21:OR
43,1033,3,1,192,2024-03-28 13:42:21.773,2024-03-28 13:42:21.773,43,Device1.SpindleMonitor_ControlOutput21:OR
43,1025,3,1,192,2024-03-28 13:41:57.768,2024-03-28 13:41:57.768,43,Device1.SpindleMonitor_ControlOutput21:OR
43,1033,3,1,192,2024-03-28 13:41:56.773,2024-03-28 13:41:56.773,43,Device1.SpindleMonitor_ControlOutput21:OR
43,1025,3,1,192,2024-03-28 13:41:33.739,2024-03-28 13:41:33.739,43,Device1.SpindleMonitor_ControlOutput21:OR
43,1033,3,1,192,2024-03-28 13:41:32.738,2024-03-28 13:41:32.738,43,Device1.SpindleMonitor_ControlOutput21:OR
43,1025,3,1,192,2024-03-28 13:40:52.822,2024-03-28 13:40:52.822,43,Device1.SpindleMonitor_ControlOutput21:OR
43,1033,3,1,192,2024-03-28 13:40:51.806,2024-03-28 13:40:51.806,43,Device1.SpindleMonitor_ControlOutput21:OR
43,1025,3,1,192,2024-03-28 13:40:28.825,2024-03-28 13:40:28.825,43,Device1.SpindleMonitor_ControlOutput21:OR
43,1033,3,1,192,2024-03-28 13:40:27.759,2024-03-28 13:40:27.759,43,Device1.SpindleMonitor_ControlOutput21:OR
43,1025,3,1,192,2024-03-28 13:39:47.752,2024-03-28 13:39:47.752,43,Device1.SpindleMonitor_ControlOutput21:OR
43,1033,3,1,192,2024-03-28 13:39:46.741,2024-03-28 13:39:46.741,43,Device1.SpindleMonitor_ControlOutput21:OR
43,1025,3,1,192,2024-03-28 13:39:39.774,2024-03-28 13:39:39.774,43,Device1.SpindleMonitor_ControlOutput21:OR
43,1033,3,1,192,2024-03-28 13:39:38.760,2024-03-28 13:39:38.760,43,Device1.SpindleMonitor_ControlOutput21:OR
43,1025,3,1,192,2024-03-28 13:38:58.775,2024-03-28 13:38:58.775,43,Device1.SpindleMonitor_ControlOutput21:OR
43,1033,3,1,192,2024-03-28 13:38:57.792,2024-03-28 13:38:57.792,43,Device1.SpindleMonitor_ControlOutput21:OR
43,1025,3,1,192,2024-03-28 13:38:34.728,2024-03-28 13:38:34.728,43,Device1.SpindleMonitor_ControlOutput21:OR
43,1033,3,1,192,2024-03-28 13:38:33.725,2024-03-28 13:38:33.725,43,Device1.SpindleMonitor_ControlOutput21:OR
43,1025,3,1,192,2024-03-28 13:37:04.737,2024-03-28 13:37:04.737,43,Device1.SpindleMonitor_ControlOutput21:OR
43,1033,3,1,192,2024-03-28 13:37:03.731,2024-03-28 13:37:03.731,43,Device1.SpindleMonitor_ControlOutput21:OR
27,0,3,1,192,2024-03-28 13:42:38.755,2024-03-28 13:42:38.755,27,Device1.SpindleMonitor_ControlOutput41:OR
27,1024,3,1,192,2024-03-28 13:42:37.772,2024-03-28 13:42:37.772,27,Device1.SpindleMonitor_ControlOutput41:OR
27,0,3,1,192,2024-03-28 13:42:30.774,2024-03-28 13:42:30.774,27,Device1.SpindleMonitor_ControlOutput41:OR
27,1024,3,1,192,2024-03-28 13:42:29.790,2024-03-28 13:42:29.790,27,Device1.SpindleMonitor_ControlOutput41:OR
27,0,3,1,192,2024-03-28 13:42:22.722,2024-03-28 13:42:22.722,27,Device1.SpindleMonitor_ControlOutput41:OR
27,1024,3,1,192,2024-03-28 13:42:20.758,2024-03-28 13:42:20.758,27,Device1.SpindleMonitor_ControlOutput41:OR
27,0,3,1,192,2024-03-28 13:42:14.723,2024-03-28 13:42:14.723,27,Device1.SpindleMonitor_ControlOutput41:OR
27,1024,3,1,192,2024-03-28 13:42:12.757,2024-03-28 13:42:12.757,27,Device1.SpindleMonitor_ControlOutput41:OR
27,0,3,1,192,2024-03-28 13:42:06.756,2024-03-28 13:42:06.756,27,Device1.SpindleMonitor_ControlOutput41:OR
27,1024,3,1,192,2024-03-28 13:42:04.742,2024-03-28 13:42:04.742,27,Device1.SpindleMonitor_ControlOutput41:OR
27,0,3,1,192,2024-03-28 13:41:57.772,2024-03-28 13:41:57.772,27,Device1.SpindleMonitor_ControlOutput41:OR
27,1024,3,1,192,2024-03-28 13:41:56.773,2024-03-28 13:41:56.773,27,Device1.SpindleMonitor_ControlOutput41:OR
27,0,3,1,192,2024-03-28 13:41:49.752,2024-03-28 13:41:49.752,27,Device1.SpindleMonitor_ControlOutput41:OR
27,1024,3,1,192,2024-03-28 13:41:48.751,2024-03-28 13:41:48.751,27,Device1.SpindleMonitor_ControlOutput41:OR
27,0,3,1,192,2024-03-28 13:41:41.827,2024-03-28 13:41:41.827,27,Device1.SpindleMonitor_ControlOutput41:OR
27,1024,3,1,192,2024-03-28 13:41:40.808,2024-03-28 13:41:40.808,27,Device1.SpindleMonitor_ControlOutput41:OR
27,0,3,1,192,2024-03-28 13:41:33.739,2024-03-28 13:41:33.739,27,Device1.SpindleMonitor_ControlOutput41:OR
27,1024,3,1,192,2024-03-28 13:41:32.738,2024-03-28 13:41:32.738,27,Device1.SpindleMonitor_ControlOutput41:OR
27,0,3,1,192,2024-03-28 13:41:25.785,2024-03-28 13:41:25.785,27,Device1.SpindleMonitor_ControlOutput41:OR
27,1024,3,1,192,2024-03-28 13:41:23.773,2024-03-28 13:41:23.773,27,Device1.SpindleMonitor_ControlOutput41:OR
45,106483,3,1,192,2024-03-28 13:42:44.771,2024-03-28 13:42:44.771,45,Device1.SpindleMonitor_CycleCount1:OR
45,164135,3,1,192,2024-03-28 13:42:43.769,2024-03-28 13:42:43.769,45,Device1.SpindleMonitor_CycleCount1:OR
45,557736,3,1,192,2024-03-28 13:42:42.723,2024-03-28 13:42:42.723,45,Device1.SpindleMonitor_CycleCount1:OR
45,717739,3,1,192,2024-03-28 13:42:41.755,2024-03-28 13:42:41.755,45,Device1.SpindleMonitor_CycleCount1:OR
45,55294,3,1,192,2024-03-28 13:42:40.751,2024-03-28 13:42:40.751,45,Device1.SpindleMonitor_CycleCount1:OR
45,576925,3,1,192,2024-03-28 13:42:39.737,2024-03-28 13:42:39.737,45,Device1.SpindleMonitor_CycleCount1:OR
45,660103,3,1,192,2024-03-28 13:42:38.739,2024-03-28 13:42:38.739,45,Device1.SpindleMonitor_CycleCount1:OR
45,187625,3,1,192,2024-03-28 13:42:37.754,2024-03-28 13:42:37.754,45,Device1.SpindleMonitor_CycleCount1:OR
45,298278,3,1,192,2024-03-28 13:42:36.737,2024-03-28 13:42:36.737,45,Device1.SpindleMonitor_CycleCount1:OR
45,131860,3,1,192,2024-03-28 13:42:35.749,2024-03-28 13:42:35.749,45,Device1.SpindleMonitor_CycleCount1:OR
45,378252,3,1,192,2024-03-28 13:42:34.774,2024-03-28 13:42:34.774,45,Device1.SpindleMonitor_CycleCount1:OR
45,362252,3,1,192,2024-03-28 13:42:33.739,2024-03-28 13:42:33.739,45,Device1.SpindleMonitor_CycleCount1:OR
45,349455,3,1,192,2024-03-28 13:42:32.740,2024-03-28 13:42:32.740,45,Device1.SpindleMonitor_CycleCount1:OR
45,647061,3,1,192,2024-03-28 13:42:31.756,2024-03-28 13:42:31.756,45,Device1.SpindleMonitor_CycleCount1:OR
45,16655,3,1,192,2024-03-28 13:42:30.757,2024-03-28 13:42:30.757,45,Device1.SpindleMonitor_CycleCount1:OR
45,156724,3,1,192,2024-03-28 13:42:29.773,2024-03-28 13:42:29.773,45,Device1.SpindleMonitor_CycleCount1:OR
45,42536,3,1,192,2024-03-28 13:42:28.706,2024-03-28 13:42:28.706,45,Device1.SpindleMonitor_CycleCount1:OR
45,48934,3,1,192,2024-03-28 13:42:27.706,2024-03-28 13:42:27.706,45,Device1.SpindleMonitor_CycleCount1:OR
45,311292,3,1,192,2024-03-28 13:42:26.741,2024-03-28 13:42:26.741,45,Device1.SpindleMonitor_CycleCount1:OR
45,292078,3,1,192,2024-03-28 13:42:25.740,2024-03-28 13:42:25.740,45,Device1.SpindleMonitor_CycleCount1:OR
23,240006,3,1,192,2024-03-28 13:42:44.740,2024-03-28 13:42:44.740,23,Device1.SpindleMonitor_Droop1:OR
23,239986,3,1,192,2024-03-28 13:42:43.753,2024-03-28 13:42:43.753,23,Device1.SpindleMonitor_Droop1:OR
23,239992,3,1,192,2024-03-28 13:42:42.721,2024-03-28 13:42:42.721,23,Device1.SpindleMonitor_Droop1:OR
23,239985,3,1,192,2024-03-28 13:42:41.739,2024-03-28 13:42:41.739,23,Device1.SpindleMonitor_Droop1:OR
23,240010,3,1,192,2024-03-28 13:42:40.736,2024-03-28 13:42:40.736,23,Device1.SpindleMonitor_Droop1:OR
23,239986,3,1,192,2024-03-28 13:42:39.705,2024-03-28 13:42:39.705,23,Device1.SpindleMonitor_Droop1:OR
23,240004,3,1,192,2024-03-28 13:42:38.722,2024-03-28 13:42:38.722,23,Device1.SpindleMonitor_Droop1:OR
23,4294894581,3,1,192,2024-03-28 13:42:37.738,2024-03-28 13:42:37.738,23,Device1.SpindleMonitor_Droop1:OR
23,4294487301,3,1,192,2024-03-28 13:42:36.732,2024-03-28 13:42:36.732,23,Device1.SpindleMonitor_Droop1:OR
23,4294487287,3,1,192,2024-03-28 13:42:35.733,2024-03-28 13:42:35.733,23,Device1.SpindleMonitor_Droop1:OR
23,4294487291,3,1,192,2024-03-28 13:42:34.758,2024-03-28 13:42:34.758,23,Device1.SpindleMonitor_Droop1:OR
23,4294487296,3,1,192,2024-03-28 13:42:33.722,2024-03-28 13:42:33.722,23,Device1.SpindleMonitor_Droop1:OR
23,4294487287,3,1,192,2024-03-28 13:42:32.723,2024-03-28 13:42:32.723,23,Device1.SpindleMonitor_Droop1:OR
23,4294487286,3,1,192,2024-03-28 13:42:31.739,2024-03-28 13:42:31.739,23,Device1.SpindleMonitor_Droop1:OR
23,4294487298,3,1,192,2024-03-28 13:42:30.740,2024-03-28 13:42:30.740,23,Device1.SpindleMonitor_Droop1:OR
23,4294697866,3,1,192,2024-03-28 13:42:29.757,2024-03-28 13:42:29.757,23,Device1.SpindleMonitor_Droop1:OR
23,239986,3,1,192,2024-03-28 13:42:28.689,2024-03-28 13:42:28.689,23,Device1.SpindleMonitor_Droop1:OR
23,240006,3,1,192,2024-03-28 13:42:27.704,2024-03-28 13:42:27.704,23,Device1.SpindleMonitor_Droop1:OR
23,240015,3,1,192,2024-03-28 13:42:26.738,2024-03-28 13:42:26.738,23,Device1.SpindleMonitor_Droop1:OR
23,240021,3,1,192,2024-03-28 13:42:25.725,2024-03-28 13:42:25.725,23,Device1.SpindleMonitor_Droop1:OR
22,15,3,1,192,2024-03-28 13:42:44.740,2024-03-28 13:42:44.740,22,Device1.SpindleMonitor_Gain1:OR
22,14,3,1,192,2024-03-28 13:42:43.738,2024-03-28 13:42:43.738,22,Device1.SpindleMonitor_Gain1:OR
22,15,3,1,192,2024-03-28 13:42:42.706,2024-03-28 13:42:42.706,22,Device1.SpindleMonitor_Gain1:OR
22,14,3,1,192,2024-03-28 13:42:41.738,2024-03-28 13:42:41.738,22,Device1.SpindleMonitor_Gain1:OR
22,15,3,1,192,2024-03-28 13:42:40.736,2024-03-28 13:42:40.736,22,Device1.SpindleMonitor_Gain1:OR
22,14,3,1,192,2024-03-28 13:42:39.705,2024-03-28 13:42:39.705,22,Device1.SpindleMonitor_Gain1:OR
22,15,3,1,192,2024-03-28 13:42:36.730,2024-03-28 13:42:36.730,22,Device1.SpindleMonitor_Gain1:OR
22,14,3,1,192,2024-03-28 13:42:35.733,2024-03-28 13:42:35.733,22,Device1.SpindleMonitor_Gain1:OR
22,15,3,1,192,2024-03-28 13:42:34.758,2024-03-28 13:42:34.758,22,Device1.SpindleMonitor_Gain1:OR
22,14,3,1,192,2024-03-28 13:42:28.689,2024-03-28 13:42:28.689,22,Device1.SpindleMonitor_Gain1:OR
22,15,3,1,192,2024-03-28 13:42:25.725,2024-03-28 13:42:25.725,22,Device1.SpindleMonitor_Gain1:OR
22,14,3,1,192,2024-03-28 13:42:23.724,2024-03-28 13:42:23.724,22,Device1.SpindleMonitor_Gain1:OR
22,15,3,1,192,2024-03-28 13:42:22.689,2024-03-28 13:42:22.689,22,Device1.SpindleMonitor_Gain1:OR
22,14,3,1,192,2024-03-28 13:42:21.739,2024-03-28 13:42:21.739,22,Device1.SpindleMonitor_Gain1:OR
22,15,3,1,192,2024-03-28 13:42:16.724,2024-03-28 13:42:16.724,22,Device1.SpindleMonitor_Gain1:OR
22,14,3,1,192,2024-03-28 13:42:15.739,2024-03-28 13:42:15.739,22,Device1.SpindleMonitor_Gain1:OR
22,15,3,1,192,2024-03-28 13:42:14.690,2024-03-28 13:42:14.690,22,Device1.SpindleMonitor_Gain1:OR
22,14,3,1,192,2024-03-28 13:42:13.724,2024-03-28 13:42:13.724,22,Device1.SpindleMonitor_Gain1:OR
22,15,3,1,192,2024-03-28 13:42:11.724,2024-03-28 13:42:11.724,22,Device1.SpindleMonitor_Gain1:OR
22,14,3,1,192,2024-03-28 13:42:09.724,2024-03-28 13:42:09.724,22,Device1.SpindleMonitor_Gain1:OR
44,0,3,1,192,2024-03-28 13:42:38.722,2024-03-28 13:42:38.722,44,Device1.SpindleMonitor_Load1:OR
44,4,3,1,192,2024-03-28 13:42:37.738,2024-03-28 13:42:37.738,44,Device1.SpindleMonitor_Load1:OR
44,0,3,1,192,2024-03-28 13:42:30.740,2024-03-28 13:42:30.740,44,Device1.SpindleMonitor_Load1:OR
44,4,3,1,192,2024-03-28 13:42:29.757,2024-03-28 13:42:29.757,44,Device1.SpindleMonitor_Load1:OR
44,0,3,1,192,2024-03-28 13:42:22.705,2024-03-28 13:42:22.705,44,Device1.SpindleMonitor_Load1:OR
44,4,3,1,192,2024-03-28 13:42:21.739,2024-03-28 13:42:21.739,44,Device1.SpindleMonitor_Load1:OR
44,0,3,1,192,2024-03-28 13:42:14.706,2024-03-28 13:42:14.706,44,Device1.SpindleMonitor_Load1:OR
44,5,3,1,192,2024-03-28 13:42:13.724,2024-03-28 13:42:13.724,44,Device1.SpindleMonitor_Load1:OR
44,0,3,1,192,2024-03-28 13:42:06.722,2024-03-28 13:42:06.722,44,Device1.SpindleMonitor_Load1:OR
44,3,3,1,192,2024-03-28 13:42:04.725,2024-03-28 13:42:04.725,44,Device1.SpindleMonitor_Load1:OR
44,0,3,1,192,2024-03-28 13:41:57.722,2024-03-28 13:41:57.722,44,Device1.SpindleMonitor_Load1:OR
44,5,3,1,192,2024-03-28 13:41:56.758,2024-03-28 13:41:56.758,44,Device1.SpindleMonitor_Load1:OR
44,0,3,1,192,2024-03-28 13:41:49.728,2024-03-28 13:41:49.728,44,Device1.SpindleMonitor_Load1:OR
44,4,3,1,192,2024-03-28 13:41:48.717,2024-03-28 13:41:48.717,44,Device1.SpindleMonitor_Load1:OR
44,0,3,1,192,2024-03-28 13:41:41.780,2024-03-28 13:41:41.780,44,Device1.SpindleMonitor_Load1:OR
44,4,3,1,192,2024-03-28 13:41:40.773,2024-03-28 13:41:40.773,44,Device1.SpindleMonitor_Load1:OR
44,0,3,1,192,2024-03-28 13:41:33.706,2024-03-28 13:41:33.706,44,Device1.SpindleMonitor_Load1:OR
44,5,3,1,192,2024-03-28 13:41:32.698,2024-03-28 13:41:32.698,44,Device1.SpindleMonitor_Load1:OR
44,0,3,1,192,2024-03-28 13:41:25.737,2024-03-28 13:41:25.737,44,Device1.SpindleMonitor_Load1:OR
44,4,3,1,192,2024-03-28 13:41:24.708,2024-03-28 13:41:24.708,44,Device1.SpindleMonitor_Load1:OR
